SLF,SLF_Seq,SRnase,SRnase_Seq
S9-SLF5,MKMPHGIMKKLPEDVILCIFLRIPVKSLMRFKCVSKNYYTLLQSTTFINLHLNRTTTVKDEFILLKRSFKEDINQYKTIFSFLSGDGDHDYLNPIFSDFDVPNMTDTQSIIFDQLIGPCHGLIALMDDFTTIIFNPSTRIFRLLPPSPFDRPKGYHRSIKCLGFGFDSVVNDYKVVRISEFLKDDCYGYVQVEEENVEIYELGIDCWRELNHVNQQFPTIFWVPCSQIFYMGTFHWIAQSVILCFNMSTEIFHHIRMPDPCHNIRNHSLVILNESLTLICYSSVAPTSDPIEDLMEIWILKDYDVSESWVKKYTIRSLPIKIPLAIWKDNLLLFQNRSGYLMVYDLRTDNVKELNIHGCPESMRVAVYKENLTIIPSGSESSTPVHKF,S9-RNase,YGEFELLQLVLTWPASFCYANHCERIAPNNFTIHGLWPDNVTIRLQYCKPKPTYTTFAGKMLNDLDKHWIQLKYKEAYARREQPTWKYQYQKHGSCCQTKYKQIPYFSLALRLKDRFDLLTTLRTHHIVPGSSYTFDDIFDAVKTVTQMNPDLKCTEVTKGTQELDEIGICFTPKADKMFPCRQSDTCEKTRKILFRG
S17-SLF4,MKLYHKEYKMADRIIMKLPQDVFMHILLRLPVKLLLRFRCVSKSCYTLIQSSTFINIHLHRTTSSEDEYILFKRSFKEDVESYKGIFSFFSSHNDDGNLNSIFPDLDVPNMTSLYSIDYDKIIGPCHGLIAVMDSRSTILFNPSTRKYRLLPSSPFGIPKGYYRSIDSGGFGFDYVVNDYKVFRISDVYTEDRYGYPEEGERKVEVYEVGIDIWRELDHVDQDLPRLFWLTSSMYYNGAYHWITTLNHEDKLIILCFDMSTEIFRNINTPDTRQFSSGTCHSLMLLDECLSFMCHPYLGPEIDPTTDSIDIWMMKDYNVYESWTKKYTIRVLSIDESPLAVWKDSLLFFQGKSGYLMSYDFKSEEVKEWNLHGCQKSMRAIVYQESLVAIPRGSQSSTELQNM,S11-RNase,MLRSQLMSVFFILFFALSPVYGAFDQIQLVLTWPPTYCHEKHCNRIPRNFTIHGLWPDNQHVMLNNCAKTFQKITNVRKIKELDDRWPDLQKSKSEATRTQSFWQYNKHGTCCTERYDRQAYFDLAQNLKDKYDALQILKNHGIIPGKSYAVDKIEEAIRDATQAYPNLNCIGDPQKTMELKEIGICLNPDATKATACHRRRTCNPINNKEIDFPL
S17-SLF4,MKLYHKEYKMADRIIMKLPQDVFMHILLRLPVKLLLRFRCVSKSCYTLIQSSTFINIHLHRTTSSEDEYILFKRSFKEDVESYKGIFSFFSSHNDDGNLNSIFPDLDVPNMTSLYSIDYDKIIGPCHGLIAVMDSRSTILFNPSTRKYRLLPSSPFGIPKGYYRSIDSGGFGFDYVVNDYKVFRISDVYTEDRYGYPEEGERKVEVYEVGIDIWRELDHVDQDLPRLFWLTSSMYYNGAYHWITTLNHEDKLIILCFDMSTEIFRNINTPDTRQFSSGTCHSLMLLDECLSFMCHPYLGPEIDPTTDSIDIWMMKDYNVYESWTKKYTIRVLSIDESPLAVWKDSLLFFQGKSGYLMSYDFKSEEVKEWNLHGCQKSMRAIVYQESLVAIPRGSQSSTELQNM,S7-RNase,MFRSQLMSAFFILFLAQAPVYGVFDQIQLVLTWPPSFCHTKPCKRTPRNFTIHGLWPDDQHVLLNDCDKTYTTISDAREKKELDARWPDLRYTERDAIQLQSFWRYEYNKHGTCCSERYDQEAYFNLAKNLKDKFHLLQILRIQGIIPGKTYPVDKIEEAVKAVTHEYPNLECVGDPYKTLELKEIGICLNPEATKVTPCHRRKTCKPLNKKEISFPQ
S17-SLF4,MKLYHKEYKMADRIIMKLPQDVFMHILLRLPVKLLLRFRCVSKSCYTLIQSSTFINIHLHRTTSSEDEYILFKRSFKEDVESYKGIFSFFSSHNDDGNLNSIFPDLDVPNMTSLYSIDYDKIIGPCHGLIAVMDSRSTILFNPSTRKYRLLPSSPFGIPKGYYRSIDSGGFGFDYVVNDYKVFRISDVYTEDRYGYPEEGERKVEVYEVGIDIWRELDHVDQDLPRLFWLTSSMYYNGAYHWITTLNHEDKLIILCFDMSTEIFRNINTPDTRQFSSGTCHSLMLLDECLSFMCHPYLGPEIDPTTDSIDIWMMKDYNVYESWTKKYTIRVLSIDESPLAVWKDSLLFFQGKSGYLMSYDFKSEEVKEWNLHGCQKSMRAIVYQESLVAIPRGSQSSTELQNM,S17-RNase,MFKSQLTSAHFILLFAISPIYGDFDYMQLVLTWPATFCYPKGFCQRIPPKNFTIHGLWPDKERQRLQFCAKDYKYVNFEGDIKSSLDHHWIQLRFNKEVGLKYQPLWHDQYKKHGTCCSNLYDQTAYFLLAMRLKNKFDLLGTLRTNGITPGRRYTFQRIHGAIKTVTQMDPDLKCVEHIKGVLELNEIGICFTPNAESPYHCPQSHSCEKRGYTGILFR
S17-SLF4,MKLYHKEYKMADRIIMKLPQDVFMHILLRLPVKLLLRFRCVSKSCYTLIQSSTFINIHLHRTTSSEDEYILFKRSFKEDVESYKGIFSFFSSHNDDGNLNSIFPDLDVPNMTSLYSIDYDKIIGPCHGLIAVMDSRSTILFNPSTRKYRLLPSSPFGIPKGYYRSIDSGGFGFDYVVNDYKVFRISDVYTEDRYGYPEEGERKVEVYEVGIDIWRELDHVDQDLPRLFWLTSSMYYNGAYHWITTLNHEDKLIILCFDMSTEIFRNINTPDTRQFSSGTCHSLMLLDECLSFMCHPYLGPEIDPTTDSIDIWMMKDYNVYESWTKKYTIRVLSIDESPLAVWKDSLLFFQGKSGYLMSYDFKSEEVKEWNLHGCQKSMRAIVYQESLVAIPRGSQSSTELQNM,S9-RNase,YGEFELLQLVLTWPASFCYANHCERIAPNNFTIHGLWPDNVTIRLQYCKPKPTYTTFAGKMLNDLDKHWIQLKYKEAYARREQPTWKYQYQKHGSCCQTKYKQIPYFSLALRLKDRFDLLTTLRTHHIVPGSSYTFDDIFDAVKTVTQMNPDLKCTEVTKGTQELDEIGICFTPKADKMFPCRQSDTCEKTRKILFRG
S17-SLF4,MKLYHKEYKMADRIIMKLPQDVFMHILLRLPVKLLLRFRCVSKSCYTLIQSSTFINIHLHRTTSSEDEYILFKRSFKEDVESYKGIFSFFSSHNDDGNLNSIFPDLDVPNMTSLYSIDYDKIIGPCHGLIAVMDSRSTILFNPSTRKYRLLPSSPFGIPKGYYRSIDSGGFGFDYVVNDYKVFRISDVYTEDRYGYPEEGERKVEVYEVGIDIWRELDHVDQDLPRLFWLTSSMYYNGAYHWITTLNHEDKLIILCFDMSTEIFRNINTPDTRQFSSGTCHSLMLLDECLSFMCHPYLGPEIDPTTDSIDIWMMKDYNVYESWTKKYTIRVLSIDESPLAVWKDSLLFFQGKSGYLMSYDFKSEEVKEWNLHGCQKSMRAIVYQESLVAIPRGSQSSTELQNM,S5-RNase,MFRSQLTSVIFVLFFSLPPIYGYFEYMQLVLTWPPAFCHIKRCRRTPNNFTIHGLWPDNYSTMLNFCTDDEFVKFTDDDKKDKLDKRWPDLITDEADCKGTQDFWKREYEKHGTCCLSSYNQEQYFELAMVLKDRFDLVKSFRNHGIIPGTAGHTVQKINNTVKAITQGFPNLACTGDPYKALELKEIGICFDRTGKNVINCPHPRTCKQTRTGEIKFP
S9-SLF3,MTAMKKLPIDVVINILFRLPVKSLTRFKCVTKSWYALIQSVDFINRHLNRATTIKDEFVLFKRSFKEPEGFNNVMSFLLGGVGDDDLDPISPDVDVPYLSTSYSCICHQLTGPCHGLILLTDSTNLVLLNPAIRNYRLIPPSPFGIQRGFYRSVAGVGFGYDSVHMTYKVVRISEVYGEPPFNCPSVMEWKGEVYNSSTDSWRELDCVDQELPWPYNFAYSEIFYEGAFHWYAHKNVVLILCFDINTETFRTMEVPEPCASYDEKCHSLLVLDEFLTLFCYPDPRRESSPIQETIEIWTMQEYRVNESWIKKHTIKSPPIESPLAIWKDRLLLFQDKSGILISYDLNSDEVKEFKLDGYPATLRVIIYKESLTPIPKGSTQVQNF,S11-RNase,MLRSQLMSVFFILFFALSPVYGAFDQIQLVLTWPPTYCHEKHCNRIPRNFTIHGLWPDNQHVMLNNCAKTFQKITNVRKIKELDDRWPDLQKSKSEATRTQSFWQYNKHGTCCTERYDRQAYFDLAQNLKDKYDALQILKNHGIIPGKSYAVDKIEEAIRDATQAYPNLNCIGDPQKTMELKEIGICLNPDATKATACHRRRTCNPINNKEIDFPL
S9-SLF3,MTAMKKLPIDVVINILFRLPVKSLTRFKCVTKSWYALIQSVDFINRHLNRATTIKDEFVLFKRSFKEPEGFNNVMSFLLGGVGDDDLDPISPDVDVPYLSTSYSCICHQLTGPCHGLILLTDSTNLVLLNPAIRNYRLIPPSPFGIQRGFYRSVAGVGFGYDSVHMTYKVVRISEVYGEPPFNCPSVMEWKGEVYNSSTDSWRELDCVDQELPWPYNFAYSEIFYEGAFHWYAHKNVVLILCFDINTETFRTMEVPEPCASYDEKCHSLLVLDEFLTLFCYPDPRRESSPIQETIEIWTMQEYRVNESWIKKHTIKSPPIESPLAIWKDRLLLFQDKSGILISYDLNSDEVKEFKLDGYPATLRVIIYKESLTPIPKGSTQVQNF,S7-RNase,MFRSQLMSAFFILFLAQAPVYGVFDQIQLVLTWPPSFCHTKPCKRTPRNFTIHGLWPDDQHVLLNDCDKTYTTISDAREKKELDARWPDLRYTERDAIQLQSFWRYEYNKHGTCCSERYDQEAYFNLAKNLKDKFHLLQILRIQGIIPGKTYPVDKIEEAVKAVTHEYPNLECVGDPYKTLELKEIGICLNPEATKVTPCHRRKTCKPLNKKEISFPQ
S9-SLF3,MTAMKKLPIDVVINILFRLPVKSLTRFKCVTKSWYALIQSVDFINRHLNRATTIKDEFVLFKRSFKEPEGFNNVMSFLLGGVGDDDLDPISPDVDVPYLSTSYSCICHQLTGPCHGLILLTDSTNLVLLNPAIRNYRLIPPSPFGIQRGFYRSVAGVGFGYDSVHMTYKVVRISEVYGEPPFNCPSVMEWKGEVYNSSTDSWRELDCVDQELPWPYNFAYSEIFYEGAFHWYAHKNVVLILCFDINTETFRTMEVPEPCASYDEKCHSLLVLDEFLTLFCYPDPRRESSPIQETIEIWTMQEYRVNESWIKKHTIKSPPIESPLAIWKDRLLLFQDKSGILISYDLNSDEVKEFKLDGYPATLRVIIYKESLTPIPKGSTQVQNF,S17-RNase,MFKSQLTSAHFILLFAISPIYGDFDYMQLVLTWPATFCYPKGFCQRIPPKNFTIHGLWPDKERQRLQFCAKDYKYVNFEGDIKSSLDHHWIQLRFNKEVGLKYQPLWHDQYKKHGTCCSNLYDQTAYFLLAMRLKNKFDLLGTLRTNGITPGRRYTFQRIHGAIKTVTQMDPDLKCVEHIKGVLELNEIGICFTPNAESPYHCPQSHSCEKRGYTGILFR
S9-SLF3,MTAMKKLPIDVVINILFRLPVKSLTRFKCVTKSWYALIQSVDFINRHLNRATTIKDEFVLFKRSFKEPEGFNNVMSFLLGGVGDDDLDPISPDVDVPYLSTSYSCICHQLTGPCHGLILLTDSTNLVLLNPAIRNYRLIPPSPFGIQRGFYRSVAGVGFGYDSVHMTYKVVRISEVYGEPPFNCPSVMEWKGEVYNSSTDSWRELDCVDQELPWPYNFAYSEIFYEGAFHWYAHKNVVLILCFDINTETFRTMEVPEPCASYDEKCHSLLVLDEFLTLFCYPDPRRESSPIQETIEIWTMQEYRVNESWIKKHTIKSPPIESPLAIWKDRLLLFQDKSGILISYDLNSDEVKEFKLDGYPATLRVIIYKESLTPIPKGSTQVQNF,S9-RNase,YGEFELLQLVLTWPASFCYANHCERIAPNNFTIHGLWPDNVTIRLQYCKPKPTYTTFAGKMLNDLDKHWIQLKYKEAYARREQPTWKYQYQKHGSCCQTKYKQIPYFSLALRLKDRFDLLTTLRTHHIVPGSSYTFDDIFDAVKTVTQMNPDLKCTEVTKGTQELDEIGICFTPKADKMFPCRQSDTCEKTRKILFRG
S9-SLF3,MTAMKKLPIDVVINILFRLPVKSLTRFKCVTKSWYALIQSVDFINRHLNRATTIKDEFVLFKRSFKEPEGFNNVMSFLLGGVGDDDLDPISPDVDVPYLSTSYSCICHQLTGPCHGLILLTDSTNLVLLNPAIRNYRLIPPSPFGIQRGFYRSVAGVGFGYDSVHMTYKVVRISEVYGEPPFNCPSVMEWKGEVYNSSTDSWRELDCVDQELPWPYNFAYSEIFYEGAFHWYAHKNVVLILCFDINTETFRTMEVPEPCASYDEKCHSLLVLDEFLTLFCYPDPRRESSPIQETIEIWTMQEYRVNESWIKKHTIKSPPIESPLAIWKDRLLLFQDKSGILISYDLNSDEVKEFKLDGYPATLRVIIYKESLTPIPKGSTQVQNF,S5-RNase,MFRSQLTSVIFVLFFSLPPIYGYFEYMQLVLTWPPAFCHIKRCRRTPNNFTIHGLWPDNYSTMLNFCTDDEFVKFTDDDKKDKLDKRWPDLITDEADCKGTQDFWKREYEKHGTCCLSSYNQEQYFELAMVLKDRFDLVKSFRNHGIIPGTAGHTVQKINNTVKAITQGFPNLACTGDPYKALELKEIGICFDRTGKNVINCPHPRTCKQTRTGEIKFP
S17-SLF2,EPDQLKSIASFFSCDDNNDLNILSPDLDVSDLTSTCDTIFNQLIGPSHGLIALTDSFIIIVLNPATRKYIVLPPSPFGCPKGYHRSVEGIGFGFDSIVNDYKVVRLSDVYWDPPTDYPGPREPKVDIYDLGIDSWRELDVEFPPIYYLPCSEMYYKEAVHWFIVTDTVVIFCFDISTETFRTMKMPGCCTFFNGPRYGLAILNGHLTLICYPDPMSSIDPTEDLIEIWMMKEYGASESWIKIYTIRPVPIPIESPLAIWKDQLLLLQTKRGFLISYDLNSNEVKEFNLNCDFESLRVVVYTERLTAISRISEHGTLVQQF,S11-RNase,MLRSQLMSVFFILFFALSPVYGAFDQIQLVLTWPPTYCHEKHCNRIPRNFTIHGLWPDNQHVMLNNCAKTFQKITNVRKIKELDDRWPDLQKSKSEATRTQSFWQYNKHGTCCTERYDRQAYFDLAQNLKDKYDALQILKNHGIIPGKSYAVDKIEEAIRDATQAYPNLNCIGDPQKTMELKEIGICLNPDATKATACHRRRTCNPINNKEIDFPL
S17-SLF2,EPDQLKSIASFFSCDDNNDLNILSPDLDVSDLTSTCDTIFNQLIGPSHGLIALTDSFIIIVLNPATRKYIVLPPSPFGCPKGYHRSVEGIGFGFDSIVNDYKVVRLSDVYWDPPTDYPGPREPKVDIYDLGIDSWRELDVEFPPIYYLPCSEMYYKEAVHWFIVTDTVVIFCFDISTETFRTMKMPGCCTFFNGPRYGLAILNGHLTLICYPDPMSSIDPTEDLIEIWMMKEYGASESWIKIYTIRPVPIPIESPLAIWKDQLLLLQTKRGFLISYDLNSNEVKEFNLNCDFESLRVVVYTERLTAISRISEHGTLVQQF,S7-RNase,MFRSQLMSAFFILFLAQAPVYGVFDQIQLVLTWPPSFCHTKPCKRTPRNFTIHGLWPDDQHVLLNDCDKTYTTISDAREKKELDARWPDLRYTERDAIQLQSFWRYEYNKHGTCCSERYDQEAYFNLAKNLKDKFHLLQILRIQGIIPGKTYPVDKIEEAVKAVTHEYPNLECVGDPYKTLELKEIGICLNPEATKVTPCHRRKTCKPLNKKEISFPQ
S17-SLF2,EPDQLKSIASFFSCDDNNDLNILSPDLDVSDLTSTCDTIFNQLIGPSHGLIALTDSFIIIVLNPATRKYIVLPPSPFGCPKGYHRSVEGIGFGFDSIVNDYKVVRLSDVYWDPPTDYPGPREPKVDIYDLGIDSWRELDVEFPPIYYLPCSEMYYKEAVHWFIVTDTVVIFCFDISTETFRTMKMPGCCTFFNGPRYGLAILNGHLTLICYPDPMSSIDPTEDLIEIWMMKEYGASESWIKIYTIRPVPIPIESPLAIWKDQLLLLQTKRGFLISYDLNSNEVKEFNLNCDFESLRVVVYTERLTAISRISEHGTLVQQF,S17-RNase,MFKSQLTSAHFILLFAISPIYGDFDYMQLVLTWPATFCYPKGFCQRIPPKNFTIHGLWPDKERQRLQFCAKDYKYVNFEGDIKSSLDHHWIQLRFNKEVGLKYQPLWHDQYKKHGTCCSNLYDQTAYFLLAMRLKNKFDLLGTLRTNGITPGRRYTFQRIHGAIKTVTQMDPDLKCVEHIKGVLELNEIGICFTPNAESPYHCPQSHSCEKRGYTGILFR
S17-SLF2,EPDQLKSIASFFSCDDNNDLNILSPDLDVSDLTSTCDTIFNQLIGPSHGLIALTDSFIIIVLNPATRKYIVLPPSPFGCPKGYHRSVEGIGFGFDSIVNDYKVVRLSDVYWDPPTDYPGPREPKVDIYDLGIDSWRELDVEFPPIYYLPCSEMYYKEAVHWFIVTDTVVIFCFDISTETFRTMKMPGCCTFFNGPRYGLAILNGHLTLICYPDPMSSIDPTEDLIEIWMMKEYGASESWIKIYTIRPVPIPIESPLAIWKDQLLLLQTKRGFLISYDLNSNEVKEFNLNCDFESLRVVVYTERLTAISRISEHGTLVQQF,S9-RNase,YGEFELLQLVLTWPASFCYANHCERIAPNNFTIHGLWPDNVTIRLQYCKPKPTYTTFAGKMLNDLDKHWIQLKYKEAYARREQPTWKYQYQKHGSCCQTKYKQIPYFSLALRLKDRFDLLTTLRTHHIVPGSSYTFDDIFDAVKTVTQMNPDLKCTEVTKGTQELDEIGICFTPKADKMFPCRQSDTCEKTRKILFRG
S17-SLF2,EPDQLKSIASFFSCDDNNDLNILSPDLDVSDLTSTCDTIFNQLIGPSHGLIALTDSFIIIVLNPATRKYIVLPPSPFGCPKGYHRSVEGIGFGFDSIVNDYKVVRLSDVYWDPPTDYPGPREPKVDIYDLGIDSWRELDVEFPPIYYLPCSEMYYKEAVHWFIVTDTVVIFCFDISTETFRTMKMPGCCTFFNGPRYGLAILNGHLTLICYPDPMSSIDPTEDLIEIWMMKEYGASESWIKIYTIRPVPIPIESPLAIWKDQLLLLQTKRGFLISYDLNSNEVKEFNLNCDFESLRVVVYTERLTAISRISEHGTLVQQF,S5-RNase,MFRSQLTSVIFVLFFSLPPIYGYFEYMQLVLTWPPAFCHIKRCRRTPNNFTIHGLWPDNYSTMLNFCTDDEFVKFTDDDKKDKLDKRWPDLITDEADCKGTQDFWKREYEKHGTCCLSSYNQEQYFELAMVLKDRFDLVKSFRNHGIIPGTAGHTVQKINNTVKAITQGFPNLACTGDPYKALELKEIGICFDRTGKNVINCPHPRTCKQTRTGEIKFP
S9-SLF1,MANGILKKLPEDLVFLILLTFPVKSLLRFKCISKAWSILIQSTTFIKRHINRKTNTKAEFILLKRSIKDEEEEFINILSFFSGHDDVLNPLFPDIDVSYMTSKCDCTFTPLIGPCDGLIALTDTIITIVLNPATRNFRVLPPSPFGCPKGYHRSVEGVGFGFDTISNYYKVVRISEVYCEEADGYPGPKDSKIDVCDLSTDSWRELDHVQLPSIYWVPCAGMLYKEMVHWFATTDTSMVILCFDMITEMFHDLKMPDTCSRITHELYYGLVILCESFTLIGYSNPISSIDPVEDKMHIWVMMEYGVSESWIMKYTIKPLSIESPLAVWKNHILLLQSRSGLLISYDLNSGKAKELNLHGFPDTLSVKVYKECLTSIPKGSEYSTKVQKF,S11-RNase,MLRSQLMSVFFILFFALSPVYGAFDQIQLVLTWPPTYCHEKHCNRIPRNFTIHGLWPDNQHVMLNNCAKTFQKITNVRKIKELDDRWPDLQKSKSEATRTQSFWQYNKHGTCCTERYDRQAYFDLAQNLKDKYDALQILKNHGIIPGKSYAVDKIEEAIRDATQAYPNLNCIGDPQKTMELKEIGICLNPDATKATACHRRRTCNPINNKEIDFPL
S9-SLF1,MANGILKKLPEDLVFLILLTFPVKSLLRFKCISKAWSILIQSTTFIKRHINRKTNTKAEFILLKRSIKDEEEEFINILSFFSGHDDVLNPLFPDIDVSYMTSKCDCTFTPLIGPCDGLIALTDTIITIVLNPATRNFRVLPPSPFGCPKGYHRSVEGVGFGFDTISNYYKVVRISEVYCEEADGYPGPKDSKIDVCDLSTDSWRELDHVQLPSIYWVPCAGMLYKEMVHWFATTDTSMVILCFDMITEMFHDLKMPDTCSRITHELYYGLVILCESFTLIGYSNPISSIDPVEDKMHIWVMMEYGVSESWIMKYTIKPLSIESPLAVWKNHILLLQSRSGLLISYDLNSGKAKELNLHGFPDTLSVKVYKECLTSIPKGSEYSTKVQKF,S7-RNase,MFRSQLMSAFFILFLAQAPVYGVFDQIQLVLTWPPSFCHTKPCKRTPRNFTIHGLWPDDQHVLLNDCDKTYTTISDAREKKELDARWPDLRYTERDAIQLQSFWRYEYNKHGTCCSERYDQEAYFNLAKNLKDKFHLLQILRIQGIIPGKTYPVDKIEEAVKAVTHEYPNLECVGDPYKTLELKEIGICLNPEATKVTPCHRRKTCKPLNKKEISFPQ
S9-SLF1,MANGILKKLPEDLVFLILLTFPVKSLLRFKCISKAWSILIQSTTFIKRHINRKTNTKAEFILLKRSIKDEEEEFINILSFFSGHDDVLNPLFPDIDVSYMTSKCDCTFTPLIGPCDGLIALTDTIITIVLNPATRNFRVLPPSPFGCPKGYHRSVEGVGFGFDTISNYYKVVRISEVYCEEADGYPGPKDSKIDVCDLSTDSWRELDHVQLPSIYWVPCAGMLYKEMVHWFATTDTSMVILCFDMITEMFHDLKMPDTCSRITHELYYGLVILCESFTLIGYSNPISSIDPVEDKMHIWVMMEYGVSESWIMKYTIKPLSIESPLAVWKNHILLLQSRSGLLISYDLNSGKAKELNLHGFPDTLSVKVYKECLTSIPKGSEYSTKVQKF,S17-RNase,MFKSQLTSAHFILLFAISPIYGDFDYMQLVLTWPATFCYPKGFCQRIPPKNFTIHGLWPDKERQRLQFCAKDYKYVNFEGDIKSSLDHHWIQLRFNKEVGLKYQPLWHDQYKKHGTCCSNLYDQTAYFLLAMRLKNKFDLLGTLRTNGITPGRRYTFQRIHGAIKTVTQMDPDLKCVEHIKGVLELNEIGICFTPNAESPYHCPQSHSCEKRGYTGILFR
S9-SLF1,MANGILKKLPEDLVFLILLTFPVKSLLRFKCISKAWSILIQSTTFIKRHINRKTNTKAEFILLKRSIKDEEEEFINILSFFSGHDDVLNPLFPDIDVSYMTSKCDCTFTPLIGPCDGLIALTDTIITIVLNPATRNFRVLPPSPFGCPKGYHRSVEGVGFGFDTISNYYKVVRISEVYCEEADGYPGPKDSKIDVCDLSTDSWRELDHVQLPSIYWVPCAGMLYKEMVHWFATTDTSMVILCFDMITEMFHDLKMPDTCSRITHELYYGLVILCESFTLIGYSNPISSIDPVEDKMHIWVMMEYGVSESWIMKYTIKPLSIESPLAVWKNHILLLQSRSGLLISYDLNSGKAKELNLHGFPDTLSVKVYKECLTSIPKGSEYSTKVQKF,S9-RNase,YGEFELLQLVLTWPASFCYANHCERIAPNNFTIHGLWPDNVTIRLQYCKPKPTYTTFAGKMLNDLDKHWIQLKYKEAYARREQPTWKYQYQKHGSCCQTKYKQIPYFSLALRLKDRFDLLTTLRTHHIVPGSSYTFDDIFDAVKTVTQMNPDLKCTEVTKGTQELDEIGICFTPKADKMFPCRQSDTCEKTRKILFRG
S9-SLF1,MANGILKKLPEDLVFLILLTFPVKSLLRFKCISKAWSILIQSTTFIKRHINRKTNTKAEFILLKRSIKDEEEEFINILSFFSGHDDVLNPLFPDIDVSYMTSKCDCTFTPLIGPCDGLIALTDTIITIVLNPATRNFRVLPPSPFGCPKGYHRSVEGVGFGFDTISNYYKVVRISEVYCEEADGYPGPKDSKIDVCDLSTDSWRELDHVQLPSIYWVPCAGMLYKEMVHWFATTDTSMVILCFDMITEMFHDLKMPDTCSRITHELYYGLVILCESFTLIGYSNPISSIDPVEDKMHIWVMMEYGVSESWIMKYTIKPLSIESPLAVWKNHILLLQSRSGLLISYDLNSGKAKELNLHGFPDTLSVKVYKECLTSIPKGSEYSTKVQKF,S5-RNase,MFRSQLTSVIFVLFFSLPPIYGYFEYMQLVLTWPPAFCHIKRCRRTPNNFTIHGLWPDNYSTMLNFCTDDEFVKFTDDDKKDKLDKRWPDLITDEADCKGTQDFWKREYEKHGTCCLSSYNQEQYFELAMVLKDRFDLVKSFRNHGIIPGTAGHTVQKINNTVKAITQGFPNLACTGDPYKALELKEIGICFDRTGKNVINCPHPRTCKQTRTGEIKFP
S9-SLF4,MKLNSKKYKMSDRIIMKLPQDVFIYILLRLTVKLLLRFRCVSKSCYTLIQSSTFINIHLDRTTTSEDEYILFKRSFKEDVESYKGIFSFYSSHNDDGDLNSIFPDLDVPNMKSLYSIDYDKIIGPCHGLIAVMDSRSTILFNPSTRKYRLLPSSPFGTPKGYYRSIDSGGFGFDSVVNDYKVLRISDVYTEDRYGYPEEGERKVEVYEVGIDIWRELDHVDKDLPRLFWLTSSMYYNGAYHWITTLNHEDKLIILCFDMSTEIFRNINTPDTSQFSSGTCHSLVLLDACLSFMCHPYLGSEIDPTTDLIDIWMMKDYNVYESWTKKYTIRVLPIDESPLAVWKDSLLFFQGKSGYLMSYDFKSEEVKEWNLHGCQKSMRAMVYKESLVLIPRGSQSSTQLQNI,S11-RNase,MLRSQLMSVFFILFFALSPVYGAFDQIQLVLTWPPTYCHEKHCNRIPRNFTIHGLWPDNQHVMLNNCAKTFQKITNVRKIKELDDRWPDLQKSKSEATRTQSFWQYNKHGTCCTERYDRQAYFDLAQNLKDKYDALQILKNHGIIPGKSYAVDKIEEAIRDATQAYPNLNCIGDPQKTMELKEIGICLNPDATKATACHRRRTCNPINNKEIDFPL
S9-SLF4,MKLNSKKYKMSDRIIMKLPQDVFIYILLRLTVKLLLRFRCVSKSCYTLIQSSTFINIHLDRTTTSEDEYILFKRSFKEDVESYKGIFSFYSSHNDDGDLNSIFPDLDVPNMKSLYSIDYDKIIGPCHGLIAVMDSRSTILFNPSTRKYRLLPSSPFGTPKGYYRSIDSGGFGFDSVVNDYKVLRISDVYTEDRYGYPEEGERKVEVYEVGIDIWRELDHVDKDLPRLFWLTSSMYYNGAYHWITTLNHEDKLIILCFDMSTEIFRNINTPDTSQFSSGTCHSLVLLDACLSFMCHPYLGSEIDPTTDLIDIWMMKDYNVYESWTKKYTIRVLPIDESPLAVWKDSLLFFQGKSGYLMSYDFKSEEVKEWNLHGCQKSMRAMVYKESLVLIPRGSQSSTQLQNI,S7-RNase,MFRSQLMSAFFILFLAQAPVYGVFDQIQLVLTWPPSFCHTKPCKRTPRNFTIHGLWPDDQHVLLNDCDKTYTTISDAREKKELDARWPDLRYTERDAIQLQSFWRYEYNKHGTCCSERYDQEAYFNLAKNLKDKFHLLQILRIQGIIPGKTYPVDKIEEAVKAVTHEYPNLECVGDPYKTLELKEIGICLNPEATKVTPCHRRKTCKPLNKKEISFPQ
S9-SLF4,MKLNSKKYKMSDRIIMKLPQDVFIYILLRLTVKLLLRFRCVSKSCYTLIQSSTFINIHLDRTTTSEDEYILFKRSFKEDVESYKGIFSFYSSHNDDGDLNSIFPDLDVPNMKSLYSIDYDKIIGPCHGLIAVMDSRSTILFNPSTRKYRLLPSSPFGTPKGYYRSIDSGGFGFDSVVNDYKVLRISDVYTEDRYGYPEEGERKVEVYEVGIDIWRELDHVDKDLPRLFWLTSSMYYNGAYHWITTLNHEDKLIILCFDMSTEIFRNINTPDTSQFSSGTCHSLVLLDACLSFMCHPYLGSEIDPTTDLIDIWMMKDYNVYESWTKKYTIRVLPIDESPLAVWKDSLLFFQGKSGYLMSYDFKSEEVKEWNLHGCQKSMRAMVYKESLVLIPRGSQSSTQLQNI,S17-RNase,MFKSQLTSAHFILLFAISPIYGDFDYMQLVLTWPATFCYPKGFCQRIPPKNFTIHGLWPDKERQRLQFCAKDYKYVNFEGDIKSSLDHHWIQLRFNKEVGLKYQPLWHDQYKKHGTCCSNLYDQTAYFLLAMRLKNKFDLLGTLRTNGITPGRRYTFQRIHGAIKTVTQMDPDLKCVEHIKGVLELNEIGICFTPNAESPYHCPQSHSCEKRGYTGILFR
S9-SLF4,MKLNSKKYKMSDRIIMKLPQDVFIYILLRLTVKLLLRFRCVSKSCYTLIQSSTFINIHLDRTTTSEDEYILFKRSFKEDVESYKGIFSFYSSHNDDGDLNSIFPDLDVPNMKSLYSIDYDKIIGPCHGLIAVMDSRSTILFNPSTRKYRLLPSSPFGTPKGYYRSIDSGGFGFDSVVNDYKVLRISDVYTEDRYGYPEEGERKVEVYEVGIDIWRELDHVDKDLPRLFWLTSSMYYNGAYHWITTLNHEDKLIILCFDMSTEIFRNINTPDTSQFSSGTCHSLVLLDACLSFMCHPYLGSEIDPTTDLIDIWMMKDYNVYESWTKKYTIRVLPIDESPLAVWKDSLLFFQGKSGYLMSYDFKSEEVKEWNLHGCQKSMRAMVYKESLVLIPRGSQSSTQLQNI,S9-RNase,YGEFELLQLVLTWPASFCYANHCERIAPNNFTIHGLWPDNVTIRLQYCKPKPTYTTFAGKMLNDLDKHWIQLKYKEAYARREQPTWKYQYQKHGSCCQTKYKQIPYFSLALRLKDRFDLLTTLRTHHIVPGSSYTFDDIFDAVKTVTQMNPDLKCTEVTKGTQELDEIGICFTPKADKMFPCRQSDTCEKTRKILFRG
S9-SLF4,MKLNSKKYKMSDRIIMKLPQDVFIYILLRLTVKLLLRFRCVSKSCYTLIQSSTFINIHLDRTTTSEDEYILFKRSFKEDVESYKGIFSFYSSHNDDGDLNSIFPDLDVPNMKSLYSIDYDKIIGPCHGLIAVMDSRSTILFNPSTRKYRLLPSSPFGTPKGYYRSIDSGGFGFDSVVNDYKVLRISDVYTEDRYGYPEEGERKVEVYEVGIDIWRELDHVDKDLPRLFWLTSSMYYNGAYHWITTLNHEDKLIILCFDMSTEIFRNINTPDTSQFSSGTCHSLVLLDACLSFMCHPYLGSEIDPTTDLIDIWMMKDYNVYESWTKKYTIRVLPIDESPLAVWKDSLLFFQGKSGYLMSYDFKSEEVKEWNLHGCQKSMRAMVYKESLVLIPRGSQSSTQLQNI,S5-RNase,MFRSQLTSVIFVLFFSLPPIYGYFEYMQLVLTWPPAFCHIKRCRRTPNNFTIHGLWPDNYSTMLNFCTDDEFVKFTDDDKKDKLDKRWPDLITDEADCKGTQDFWKREYEKHGTCCLSSYNQEQYFELAMVLKDRFDLVKSFRNHGIIPGTAGHTVQKINNTVKAITQGFPNLACTGDPYKALELKEIGICFDRTGKNVINCPHPRTCKQTRTGEIKFP
S17-SLF5,MKMPHGIMKKLPEDVILCIFLRIPVKSLMRFKCVSKNYYTLLQSTTFINLHLNRTTTVKDEFILLKRSFKDDINQYKTIFSFLSGDGDYDYLNPIFSDFDVPNMTDTQSIIFDQLIGPCHGLIALMDDFTTIIFNPSTRIFRLLPPSPFDRPKGYHRSIKCLGFGFDSVVNDYKVVRISEFLKDDCYGYVQVVEENVEIYELGIDCWRELDHVNQQFPTIFWVPCSQIFYMGTFHWIAQRVILCFNMSTEIFHHIRMPDPCHNIRNHSLVILNESLTLICYRSVAPTSDPIEDLMEIWILKDYDVSESWVKKYTIRSLPIKIPLAIWKDNLLLFQNRSGYLMVYDLRTDNVKELNIHGCPESMRVTVYKENLTIIPSGSESSTPVHKF,S11-RNase,MLRSQLMSVFFILFFALSPVYGAFDQIQLVLTWPPTYCHEKHCNRIPRNFTIHGLWPDNQHVMLNNCAKTFQKITNVRKIKELDDRWPDLQKSKSEATRTQSFWQYNKHGTCCTERYDRQAYFDLAQNLKDKYDALQILKNHGIIPGKSYAVDKIEEAIRDATQAYPNLNCIGDPQKTMELKEIGICLNPDATKATACHRRRTCNPINNKEIDFPL
S17-SLF5,MKMPHGIMKKLPEDVILCIFLRIPVKSLMRFKCVSKNYYTLLQSTTFINLHLNRTTTVKDEFILLKRSFKDDINQYKTIFSFLSGDGDYDYLNPIFSDFDVPNMTDTQSIIFDQLIGPCHGLIALMDDFTTIIFNPSTRIFRLLPPSPFDRPKGYHRSIKCLGFGFDSVVNDYKVVRISEFLKDDCYGYVQVVEENVEIYELGIDCWRELDHVNQQFPTIFWVPCSQIFYMGTFHWIAQRVILCFNMSTEIFHHIRMPDPCHNIRNHSLVILNESLTLICYRSVAPTSDPIEDLMEIWILKDYDVSESWVKKYTIRSLPIKIPLAIWKDNLLLFQNRSGYLMVYDLRTDNVKELNIHGCPESMRVTVYKENLTIIPSGSESSTPVHKF,S7-RNase,MFRSQLMSAFFILFLAQAPVYGVFDQIQLVLTWPPSFCHTKPCKRTPRNFTIHGLWPDDQHVLLNDCDKTYTTISDAREKKELDARWPDLRYTERDAIQLQSFWRYEYNKHGTCCSERYDQEAYFNLAKNLKDKFHLLQILRIQGIIPGKTYPVDKIEEAVKAVTHEYPNLECVGDPYKTLELKEIGICLNPEATKVTPCHRRKTCKPLNKKEISFPQ
S17-SLF5,MKMPHGIMKKLPEDVILCIFLRIPVKSLMRFKCVSKNYYTLLQSTTFINLHLNRTTTVKDEFILLKRSFKDDINQYKTIFSFLSGDGDYDYLNPIFSDFDVPNMTDTQSIIFDQLIGPCHGLIALMDDFTTIIFNPSTRIFRLLPPSPFDRPKGYHRSIKCLGFGFDSVVNDYKVVRISEFLKDDCYGYVQVVEENVEIYELGIDCWRELDHVNQQFPTIFWVPCSQIFYMGTFHWIAQRVILCFNMSTEIFHHIRMPDPCHNIRNHSLVILNESLTLICYRSVAPTSDPIEDLMEIWILKDYDVSESWVKKYTIRSLPIKIPLAIWKDNLLLFQNRSGYLMVYDLRTDNVKELNIHGCPESMRVTVYKENLTIIPSGSESSTPVHKF,S17-RNase,MFKSQLTSAHFILLFAISPIYGDFDYMQLVLTWPATFCYPKGFCQRIPPKNFTIHGLWPDKERQRLQFCAKDYKYVNFEGDIKSSLDHHWIQLRFNKEVGLKYQPLWHDQYKKHGTCCSNLYDQTAYFLLAMRLKNKFDLLGTLRTNGITPGRRYTFQRIHGAIKTVTQMDPDLKCVEHIKGVLELNEIGICFTPNAESPYHCPQSHSCEKRGYTGILFR
S17-SLF5,MKMPHGIMKKLPEDVILCIFLRIPVKSLMRFKCVSKNYYTLLQSTTFINLHLNRTTTVKDEFILLKRSFKDDINQYKTIFSFLSGDGDYDYLNPIFSDFDVPNMTDTQSIIFDQLIGPCHGLIALMDDFTTIIFNPSTRIFRLLPPSPFDRPKGYHRSIKCLGFGFDSVVNDYKVVRISEFLKDDCYGYVQVVEENVEIYELGIDCWRELDHVNQQFPTIFWVPCSQIFYMGTFHWIAQRVILCFNMSTEIFHHIRMPDPCHNIRNHSLVILNESLTLICYRSVAPTSDPIEDLMEIWILKDYDVSESWVKKYTIRSLPIKIPLAIWKDNLLLFQNRSGYLMVYDLRTDNVKELNIHGCPESMRVTVYKENLTIIPSGSESSTPVHKF,S9-RNase,YGEFELLQLVLTWPASFCYANHCERIAPNNFTIHGLWPDNVTIRLQYCKPKPTYTTFAGKMLNDLDKHWIQLKYKEAYARREQPTWKYQYQKHGSCCQTKYKQIPYFSLALRLKDRFDLLTTLRTHHIVPGSSYTFDDIFDAVKTVTQMNPDLKCTEVTKGTQELDEIGICFTPKADKMFPCRQSDTCEKTRKILFRG
S17-SLF5,MKMPHGIMKKLPEDVILCIFLRIPVKSLMRFKCVSKNYYTLLQSTTFINLHLNRTTTVKDEFILLKRSFKDDINQYKTIFSFLSGDGDYDYLNPIFSDFDVPNMTDTQSIIFDQLIGPCHGLIALMDDFTTIIFNPSTRIFRLLPPSPFDRPKGYHRSIKCLGFGFDSVVNDYKVVRISEFLKDDCYGYVQVVEENVEIYELGIDCWRELDHVNQQFPTIFWVPCSQIFYMGTFHWIAQRVILCFNMSTEIFHHIRMPDPCHNIRNHSLVILNESLTLICYRSVAPTSDPIEDLMEIWILKDYDVSESWVKKYTIRSLPIKIPLAIWKDNLLLFQNRSGYLMVYDLRTDNVKELNIHGCPESMRVTVYKENLTIIPSGSESSTPVHKF,S5-RNase,MFRSQLTSVIFVLFFSLPPIYGYFEYMQLVLTWPPAFCHIKRCRRTPNNFTIHGLWPDNYSTMLNFCTDDEFVKFTDDDKKDKLDKRWPDLITDEADCKGTQDFWKREYEKHGTCCLSSYNQEQYFELAMVLKDRFDLVKSFRNHGIIPGTAGHTVQKINNTVKAITQGFPNLACTGDPYKALELKEIGICFDRTGKNVINCPHPRTCKQTRTGEIKFP
S17-SLF3,MMTMKKLPIDVVINILFRLPVKSLTRFKCVTKSWYALIQSVDFINRHLNRATTITDEFILFKRSFKEQEGFRNVMSFLVGGVGEDDLDPISPDVDVPYLSTSYSCICHQLTGPCHGLILLTDSTNLVLLNPATRNYRLLPPSPFGIQRGFYRSIAGVGFGYDSVHKTYKVVRISEVYGEPPFNCPSVMEWKGEVYNSSTDSWRELDCVDQELPWPYNFAYSEIFYEGAFHWYAHKNVVLILCFDVNTETFRTMEVPEPCASYDEKCHSLLVLDEFLTLFCYPDPRRESSPIQETIEIWTMQEYRVNESWIKKHTIKSPPIESPLAIWKDRLLLFQDKSGILISYDLNSDEVKEFKLDGYPATLRVIIYKESLTPIPEGSTQVQNF,S11-RNase,MLRSQLMSVFFILFFALSPVYGAFDQIQLVLTWPPTYCHEKHCNRIPRNFTIHGLWPDNQHVMLNNCAKTFQKITNVRKIKELDDRWPDLQKSKSEATRTQSFWQYNKHGTCCTERYDRQAYFDLAQNLKDKYDALQILKNHGIIPGKSYAVDKIEEAIRDATQAYPNLNCIGDPQKTMELKEIGICLNPDATKATACHRRRTCNPINNKEIDFPL
S17-SLF3,MMTMKKLPIDVVINILFRLPVKSLTRFKCVTKSWYALIQSVDFINRHLNRATTITDEFILFKRSFKEQEGFRNVMSFLVGGVGEDDLDPISPDVDVPYLSTSYSCICHQLTGPCHGLILLTDSTNLVLLNPATRNYRLLPPSPFGIQRGFYRSIAGVGFGYDSVHKTYKVVRISEVYGEPPFNCPSVMEWKGEVYNSSTDSWRELDCVDQELPWPYNFAYSEIFYEGAFHWYAHKNVVLILCFDVNTETFRTMEVPEPCASYDEKCHSLLVLDEFLTLFCYPDPRRESSPIQETIEIWTMQEYRVNESWIKKHTIKSPPIESPLAIWKDRLLLFQDKSGILISYDLNSDEVKEFKLDGYPATLRVIIYKESLTPIPEGSTQVQNF,S7-RNase,MFRSQLMSAFFILFLAQAPVYGVFDQIQLVLTWPPSFCHTKPCKRTPRNFTIHGLWPDDQHVLLNDCDKTYTTISDAREKKELDARWPDLRYTERDAIQLQSFWRYEYNKHGTCCSERYDQEAYFNLAKNLKDKFHLLQILRIQGIIPGKTYPVDKIEEAVKAVTHEYPNLECVGDPYKTLELKEIGICLNPEATKVTPCHRRKTCKPLNKKEISFPQ
S17-SLF3,MMTMKKLPIDVVINILFRLPVKSLTRFKCVTKSWYALIQSVDFINRHLNRATTITDEFILFKRSFKEQEGFRNVMSFLVGGVGEDDLDPISPDVDVPYLSTSYSCICHQLTGPCHGLILLTDSTNLVLLNPATRNYRLLPPSPFGIQRGFYRSIAGVGFGYDSVHKTYKVVRISEVYGEPPFNCPSVMEWKGEVYNSSTDSWRELDCVDQELPWPYNFAYSEIFYEGAFHWYAHKNVVLILCFDVNTETFRTMEVPEPCASYDEKCHSLLVLDEFLTLFCYPDPRRESSPIQETIEIWTMQEYRVNESWIKKHTIKSPPIESPLAIWKDRLLLFQDKSGILISYDLNSDEVKEFKLDGYPATLRVIIYKESLTPIPEGSTQVQNF,S17-RNase,MFKSQLTSAHFILLFAISPIYGDFDYMQLVLTWPATFCYPKGFCQRIPPKNFTIHGLWPDKERQRLQFCAKDYKYVNFEGDIKSSLDHHWIQLRFNKEVGLKYQPLWHDQYKKHGTCCSNLYDQTAYFLLAMRLKNKFDLLGTLRTNGITPGRRYTFQRIHGAIKTVTQMDPDLKCVEHIKGVLELNEIGICFTPNAESPYHCPQSHSCEKRGYTGILFR
S17-SLF3,MMTMKKLPIDVVINILFRLPVKSLTRFKCVTKSWYALIQSVDFINRHLNRATTITDEFILFKRSFKEQEGFRNVMSFLVGGVGEDDLDPISPDVDVPYLSTSYSCICHQLTGPCHGLILLTDSTNLVLLNPATRNYRLLPPSPFGIQRGFYRSIAGVGFGYDSVHKTYKVVRISEVYGEPPFNCPSVMEWKGEVYNSSTDSWRELDCVDQELPWPYNFAYSEIFYEGAFHWYAHKNVVLILCFDVNTETFRTMEVPEPCASYDEKCHSLLVLDEFLTLFCYPDPRRESSPIQETIEIWTMQEYRVNESWIKKHTIKSPPIESPLAIWKDRLLLFQDKSGILISYDLNSDEVKEFKLDGYPATLRVIIYKESLTPIPEGSTQVQNF,S9-RNase,YGEFELLQLVLTWPASFCYANHCERIAPNNFTIHGLWPDNVTIRLQYCKPKPTYTTFAGKMLNDLDKHWIQLKYKEAYARREQPTWKYQYQKHGSCCQTKYKQIPYFSLALRLKDRFDLLTTLRTHHIVPGSSYTFDDIFDAVKTVTQMNPDLKCTEVTKGTQELDEIGICFTPKADKMFPCRQSDTCEKTRKILFRG
S17-SLF3,MMTMKKLPIDVVINILFRLPVKSLTRFKCVTKSWYALIQSVDFINRHLNRATTITDEFILFKRSFKEQEGFRNVMSFLVGGVGEDDLDPISPDVDVPYLSTSYSCICHQLTGPCHGLILLTDSTNLVLLNPATRNYRLLPPSPFGIQRGFYRSIAGVGFGYDSVHKTYKVVRISEVYGEPPFNCPSVMEWKGEVYNSSTDSWRELDCVDQELPWPYNFAYSEIFYEGAFHWYAHKNVVLILCFDVNTETFRTMEVPEPCASYDEKCHSLLVLDEFLTLFCYPDPRRESSPIQETIEIWTMQEYRVNESWIKKHTIKSPPIESPLAIWKDRLLLFQDKSGILISYDLNSDEVKEFKLDGYPATLRVIIYKESLTPIPEGSTQVQNF,S5-RNase,MFRSQLTSVIFVLFFSLPPIYGYFEYMQLVLTWPPAFCHIKRCRRTPNNFTIHGLWPDNYSTMLNFCTDDEFVKFTDDDKKDKLDKRWPDLITDEADCKGTQDFWKREYEKHGTCCLSSYNQEQYFELAMVLKDRFDLVKSFRNHGIIPGTAGHTVQKINNTVKAITQGFPNLACTGDPYKALELKEIGICFDRTGKNVINCPHPRTCKQTRTGEIKFP
S11-SLF5,MKMPHGIMKKLPEDVILCIFLRIPVKSLMRFKCVSKNYYTLLQSTTFINLHLNRTTTVKDEFILLKRSFKEDINQYKTIFSFLSGDGDHDYLNPIFSDFDVPNMTDTQSIIFDQLIGPCHGLIALMDDFTTIIFNPSTRIFRLLPPSPFDRPKGYHRSIKCLGFGFDSVVNDYKVVRISEFLKDDCYGYVQVEEENVEIYELGIDCWRELDHVYQQFPTIFWVPCSQIFYMGTFHWICQRVILCFNMSTEIFHHIRMPDPCHNIRNHSLVILNKSLTLICYRSVAPTSDPIEDLMEIWILKDYDVSESWVKKYTIRSLPIKIPLAIWQDNLLLFQNRSGYLMVYDLRTDNVKELNIHGCPESMRVTVYKENLTIIPSGSESSTPVHKF,S11-RNase,MLRSQLMSVFFILFFALSPVYGAFDQIQLVLTWPPTYCHEKHCNRIPRNFTIHGLWPDNQHVMLNNCAKTFQKITNVRKIKELDDRWPDLQKSKSEATRTQSFWQYNKHGTCCTERYDRQAYFDLAQNLKDKYDALQILKNHGIIPGKSYAVDKIEEAIRDATQAYPNLNCIGDPQKTMELKEIGICLNPDATKATACHRRRTCNPINNKEIDFPL
S11-SLF5,MKMPHGIMKKLPEDVILCIFLRIPVKSLMRFKCVSKNYYTLLQSTTFINLHLNRTTTVKDEFILLKRSFKEDINQYKTIFSFLSGDGDHDYLNPIFSDFDVPNMTDTQSIIFDQLIGPCHGLIALMDDFTTIIFNPSTRIFRLLPPSPFDRPKGYHRSIKCLGFGFDSVVNDYKVVRISEFLKDDCYGYVQVEEENVEIYELGIDCWRELDHVYQQFPTIFWVPCSQIFYMGTFHWICQRVILCFNMSTEIFHHIRMPDPCHNIRNHSLVILNKSLTLICYRSVAPTSDPIEDLMEIWILKDYDVSESWVKKYTIRSLPIKIPLAIWQDNLLLFQNRSGYLMVYDLRTDNVKELNIHGCPESMRVTVYKENLTIIPSGSESSTPVHKF,S7-RNase,MFRSQLMSAFFILFLAQAPVYGVFDQIQLVLTWPPSFCHTKPCKRTPRNFTIHGLWPDDQHVLLNDCDKTYTTISDAREKKELDARWPDLRYTERDAIQLQSFWRYEYNKHGTCCSERYDQEAYFNLAKNLKDKFHLLQILRIQGIIPGKTYPVDKIEEAVKAVTHEYPNLECVGDPYKTLELKEIGICLNPEATKVTPCHRRKTCKPLNKKEISFPQ
S11-SLF5,MKMPHGIMKKLPEDVILCIFLRIPVKSLMRFKCVSKNYYTLLQSTTFINLHLNRTTTVKDEFILLKRSFKEDINQYKTIFSFLSGDGDHDYLNPIFSDFDVPNMTDTQSIIFDQLIGPCHGLIALMDDFTTIIFNPSTRIFRLLPPSPFDRPKGYHRSIKCLGFGFDSVVNDYKVVRISEFLKDDCYGYVQVEEENVEIYELGIDCWRELDHVYQQFPTIFWVPCSQIFYMGTFHWICQRVILCFNMSTEIFHHIRMPDPCHNIRNHSLVILNKSLTLICYRSVAPTSDPIEDLMEIWILKDYDVSESWVKKYTIRSLPIKIPLAIWQDNLLLFQNRSGYLMVYDLRTDNVKELNIHGCPESMRVTVYKENLTIIPSGSESSTPVHKF,S17-RNase,MFKSQLTSAHFILLFAISPIYGDFDYMQLVLTWPATFCYPKGFCQRIPPKNFTIHGLWPDKERQRLQFCAKDYKYVNFEGDIKSSLDHHWIQLRFNKEVGLKYQPLWHDQYKKHGTCCSNLYDQTAYFLLAMRLKNKFDLLGTLRTNGITPGRRYTFQRIHGAIKTVTQMDPDLKCVEHIKGVLELNEIGICFTPNAESPYHCPQSHSCEKRGYTGILFR
S11-SLF5,MKMPHGIMKKLPEDVILCIFLRIPVKSLMRFKCVSKNYYTLLQSTTFINLHLNRTTTVKDEFILLKRSFKEDINQYKTIFSFLSGDGDHDYLNPIFSDFDVPNMTDTQSIIFDQLIGPCHGLIALMDDFTTIIFNPSTRIFRLLPPSPFDRPKGYHRSIKCLGFGFDSVVNDYKVVRISEFLKDDCYGYVQVEEENVEIYELGIDCWRELDHVYQQFPTIFWVPCSQIFYMGTFHWICQRVILCFNMSTEIFHHIRMPDPCHNIRNHSLVILNKSLTLICYRSVAPTSDPIEDLMEIWILKDYDVSESWVKKYTIRSLPIKIPLAIWQDNLLLFQNRSGYLMVYDLRTDNVKELNIHGCPESMRVTVYKENLTIIPSGSESSTPVHKF,S9-RNase,YGEFELLQLVLTWPASFCYANHCERIAPNNFTIHGLWPDNVTIRLQYCKPKPTYTTFAGKMLNDLDKHWIQLKYKEAYARREQPTWKYQYQKHGSCCQTKYKQIPYFSLALRLKDRFDLLTTLRTHHIVPGSSYTFDDIFDAVKTVTQMNPDLKCTEVTKGTQELDEIGICFTPKADKMFPCRQSDTCEKTRKILFRG
S11-SLF5,MKMPHGIMKKLPEDVILCIFLRIPVKSLMRFKCVSKNYYTLLQSTTFINLHLNRTTTVKDEFILLKRSFKEDINQYKTIFSFLSGDGDHDYLNPIFSDFDVPNMTDTQSIIFDQLIGPCHGLIALMDDFTTIIFNPSTRIFRLLPPSPFDRPKGYHRSIKCLGFGFDSVVNDYKVVRISEFLKDDCYGYVQVEEENVEIYELGIDCWRELDHVYQQFPTIFWVPCSQIFYMGTFHWICQRVILCFNMSTEIFHHIRMPDPCHNIRNHSLVILNKSLTLICYRSVAPTSDPIEDLMEIWILKDYDVSESWVKKYTIRSLPIKIPLAIWQDNLLLFQNRSGYLMVYDLRTDNVKELNIHGCPESMRVTVYKENLTIIPSGSESSTPVHKF,S5-RNase,MFRSQLTSVIFVLFFSLPPIYGYFEYMQLVLTWPPAFCHIKRCRRTPNNFTIHGLWPDNYSTMLNFCTDDEFVKFTDDDKKDKLDKRWPDLITDEADCKGTQDFWKREYEKHGTCCLSSYNQEQYFELAMVLKDRFDLVKSFRNHGIIPGTAGHTVQKINNTVKAITQGFPNLACTGDPYKALELKEIGICFDRTGKNVINCPHPRTCKQTRTGEIKFP
S7-SLF2,MENKVIKKLPEDVVIYMLLMFPVKSLLRLKCISKAWYALILTHTFIKLHLNRIITTEDELILFIRTFREEPEQLKSIASFFSCDDNKDLHILSPDLDVSDLTSTCDTIFNQLIGPCHGLIALTDSFIIIILNPSTRKYLVLPPSPFGCPKGYHRSVEGIGFGFDSIVNDYKVVRLSDVYWDPPSDYPGPREPKVDLYDLGIDSWRELDVEFPSIYYLPCSEMYYKEAVHWFIIKDTVVILCFDFSTEIFRTMEMPGTCTFLDGPRYGLAVLNERLALICYPDPMSSIDQTDDLIDIWMLEEYGASESWIKIYTVEPVPIPIESPLAIWKDHLLLLQTKSGFLISYDLNSGEVKEFNLNADLESLRVIVYKESLTTISRISEHGTQVQQF,S11-RNase,MLRSQLMSVFFILFFALSPVYGAFDQIQLVLTWPPTYCHEKHCNRIPRNFTIHGLWPDNQHVMLNNCAKTFQKITNVRKIKELDDRWPDLQKSKSEATRTQSFWQYNKHGTCCTERYDRQAYFDLAQNLKDKYDALQILKNHGIIPGKSYAVDKIEEAIRDATQAYPNLNCIGDPQKTMELKEIGICLNPDATKATACHRRRTCNPINNKEIDFPL
S7-SLF2,MENKVIKKLPEDVVIYMLLMFPVKSLLRLKCISKAWYALILTHTFIKLHLNRIITTEDELILFIRTFREEPEQLKSIASFFSCDDNKDLHILSPDLDVSDLTSTCDTIFNQLIGPCHGLIALTDSFIIIILNPSTRKYLVLPPSPFGCPKGYHRSVEGIGFGFDSIVNDYKVVRLSDVYWDPPSDYPGPREPKVDLYDLGIDSWRELDVEFPSIYYLPCSEMYYKEAVHWFIIKDTVVILCFDFSTEIFRTMEMPGTCTFLDGPRYGLAVLNERLALICYPDPMSSIDQTDDLIDIWMLEEYGASESWIKIYTVEPVPIPIESPLAIWKDHLLLLQTKSGFLISYDLNSGEVKEFNLNADLESLRVIVYKESLTTISRISEHGTQVQQF,S7-RNase,MFRSQLMSAFFILFLAQAPVYGVFDQIQLVLTWPPSFCHTKPCKRTPRNFTIHGLWPDDQHVLLNDCDKTYTTISDAREKKELDARWPDLRYTERDAIQLQSFWRYEYNKHGTCCSERYDQEAYFNLAKNLKDKFHLLQILRIQGIIPGKTYPVDKIEEAVKAVTHEYPNLECVGDPYKTLELKEIGICLNPEATKVTPCHRRKTCKPLNKKEISFPQ
S7-SLF2,MENKVIKKLPEDVVIYMLLMFPVKSLLRLKCISKAWYALILTHTFIKLHLNRIITTEDELILFIRTFREEPEQLKSIASFFSCDDNKDLHILSPDLDVSDLTSTCDTIFNQLIGPCHGLIALTDSFIIIILNPSTRKYLVLPPSPFGCPKGYHRSVEGIGFGFDSIVNDYKVVRLSDVYWDPPSDYPGPREPKVDLYDLGIDSWRELDVEFPSIYYLPCSEMYYKEAVHWFIIKDTVVILCFDFSTEIFRTMEMPGTCTFLDGPRYGLAVLNERLALICYPDPMSSIDQTDDLIDIWMLEEYGASESWIKIYTVEPVPIPIESPLAIWKDHLLLLQTKSGFLISYDLNSGEVKEFNLNADLESLRVIVYKESLTTISRISEHGTQVQQF,S17-RNase,MFKSQLTSAHFILLFAISPIYGDFDYMQLVLTWPATFCYPKGFCQRIPPKNFTIHGLWPDKERQRLQFCAKDYKYVNFEGDIKSSLDHHWIQLRFNKEVGLKYQPLWHDQYKKHGTCCSNLYDQTAYFLLAMRLKNKFDLLGTLRTNGITPGRRYTFQRIHGAIKTVTQMDPDLKCVEHIKGVLELNEIGICFTPNAESPYHCPQSHSCEKRGYTGILFR
S7-SLF2,MENKVIKKLPEDVVIYMLLMFPVKSLLRLKCISKAWYALILTHTFIKLHLNRIITTEDELILFIRTFREEPEQLKSIASFFSCDDNKDLHILSPDLDVSDLTSTCDTIFNQLIGPCHGLIALTDSFIIIILNPSTRKYLVLPPSPFGCPKGYHRSVEGIGFGFDSIVNDYKVVRLSDVYWDPPSDYPGPREPKVDLYDLGIDSWRELDVEFPSIYYLPCSEMYYKEAVHWFIIKDTVVILCFDFSTEIFRTMEMPGTCTFLDGPRYGLAVLNERLALICYPDPMSSIDQTDDLIDIWMLEEYGASESWIKIYTVEPVPIPIESPLAIWKDHLLLLQTKSGFLISYDLNSGEVKEFNLNADLESLRVIVYKESLTTISRISEHGTQVQQF,S9-RNase,YGEFELLQLVLTWPASFCYANHCERIAPNNFTIHGLWPDNVTIRLQYCKPKPTYTTFAGKMLNDLDKHWIQLKYKEAYARREQPTWKYQYQKHGSCCQTKYKQIPYFSLALRLKDRFDLLTTLRTHHIVPGSSYTFDDIFDAVKTVTQMNPDLKCTEVTKGTQELDEIGICFTPKADKMFPCRQSDTCEKTRKILFRG
S7-SLF2,MENKVIKKLPEDVVIYMLLMFPVKSLLRLKCISKAWYALILTHTFIKLHLNRIITTEDELILFIRTFREEPEQLKSIASFFSCDDNKDLHILSPDLDVSDLTSTCDTIFNQLIGPCHGLIALTDSFIIIILNPSTRKYLVLPPSPFGCPKGYHRSVEGIGFGFDSIVNDYKVVRLSDVYWDPPSDYPGPREPKVDLYDLGIDSWRELDVEFPSIYYLPCSEMYYKEAVHWFIIKDTVVILCFDFSTEIFRTMEMPGTCTFLDGPRYGLAVLNERLALICYPDPMSSIDQTDDLIDIWMLEEYGASESWIKIYTVEPVPIPIESPLAIWKDHLLLLQTKSGFLISYDLNSGEVKEFNLNADLESLRVIVYKESLTTISRISEHGTQVQQF,S5-RNase,MFRSQLTSVIFVLFFSLPPIYGYFEYMQLVLTWPPAFCHIKRCRRTPNNFTIHGLWPDNYSTMLNFCTDDEFVKFTDDDKKDKLDKRWPDLITDEADCKGTQDFWKREYEKHGTCCLSSYNQEQYFELAMVLKDRFDLVKSFRNHGIIPGTAGHTVQKINNTVKAITQGFPNLACTGDPYKALELKEIGICFDRTGKNVINCPHPRTCKQTRTGEIKFP
S5-SLF1,MANGILKKLPEDLVFLILLTFPVKSLLRLKCISKAWSILIQSTTFINRHINRKTNTKAEFILFKRSIKDEEEEFINILSFFSGHDDVLNPLFPDIDVSYMTSKCDCSFNPLIGPCDGLIALTDTIITIVLNPATRNFRVLPPSPFGCPKGYHRSVEGVGFGFDTISNYYKVVRISEVYCEEADGYPGPKDSKIDVCDLSTDSWRELDHVQLPSIYWVPCAGMLYKEMVHWFATTDTSMVILCFDMSTEMFHDMKMPDTCSRITHELYYGLVVLCESFTLIGYSNPISSIDPVEDKMHIWVMMEYGVSESWIMKYTIRPLSIESPLAVWKNHILLLQSRSGLLISYDLNSGEAKELNLHGFPDTLSVKVYKECLTSIPKGSEYSTKVQKF,S11-RNase,MLRSQLMSVFFILFFALSPVYGAFDQIQLVLTWPPTYCHEKHCNRIPRNFTIHGLWPDNQHVMLNNCAKTFQKITNVRKIKELDDRWPDLQKSKSEATRTQSFWQYNKHGTCCTERYDRQAYFDLAQNLKDKYDALQILKNHGIIPGKSYAVDKIEEAIRDATQAYPNLNCIGDPQKTMELKEIGICLNPDATKATACHRRRTCNPINNKEIDFPL
S5-SLF1,MANGILKKLPEDLVFLILLTFPVKSLLRLKCISKAWSILIQSTTFINRHINRKTNTKAEFILFKRSIKDEEEEFINILSFFSGHDDVLNPLFPDIDVSYMTSKCDCSFNPLIGPCDGLIALTDTIITIVLNPATRNFRVLPPSPFGCPKGYHRSVEGVGFGFDTISNYYKVVRISEVYCEEADGYPGPKDSKIDVCDLSTDSWRELDHVQLPSIYWVPCAGMLYKEMVHWFATTDTSMVILCFDMSTEMFHDMKMPDTCSRITHELYYGLVVLCESFTLIGYSNPISSIDPVEDKMHIWVMMEYGVSESWIMKYTIRPLSIESPLAVWKNHILLLQSRSGLLISYDLNSGEAKELNLHGFPDTLSVKVYKECLTSIPKGSEYSTKVQKF,S7-RNase,MFRSQLMSAFFILFLAQAPVYGVFDQIQLVLTWPPSFCHTKPCKRTPRNFTIHGLWPDDQHVLLNDCDKTYTTISDAREKKELDARWPDLRYTERDAIQLQSFWRYEYNKHGTCCSERYDQEAYFNLAKNLKDKFHLLQILRIQGIIPGKTYPVDKIEEAVKAVTHEYPNLECVGDPYKTLELKEIGICLNPEATKVTPCHRRKTCKPLNKKEISFPQ
S5-SLF1,MANGILKKLPEDLVFLILLTFPVKSLLRLKCISKAWSILIQSTTFINRHINRKTNTKAEFILFKRSIKDEEEEFINILSFFSGHDDVLNPLFPDIDVSYMTSKCDCSFNPLIGPCDGLIALTDTIITIVLNPATRNFRVLPPSPFGCPKGYHRSVEGVGFGFDTISNYYKVVRISEVYCEEADGYPGPKDSKIDVCDLSTDSWRELDHVQLPSIYWVPCAGMLYKEMVHWFATTDTSMVILCFDMSTEMFHDMKMPDTCSRITHELYYGLVVLCESFTLIGYSNPISSIDPVEDKMHIWVMMEYGVSESWIMKYTIRPLSIESPLAVWKNHILLLQSRSGLLISYDLNSGEAKELNLHGFPDTLSVKVYKECLTSIPKGSEYSTKVQKF,S17-RNase,MFKSQLTSAHFILLFAISPIYGDFDYMQLVLTWPATFCYPKGFCQRIPPKNFTIHGLWPDKERQRLQFCAKDYKYVNFEGDIKSSLDHHWIQLRFNKEVGLKYQPLWHDQYKKHGTCCSNLYDQTAYFLLAMRLKNKFDLLGTLRTNGITPGRRYTFQRIHGAIKTVTQMDPDLKCVEHIKGVLELNEIGICFTPNAESPYHCPQSHSCEKRGYTGILFR
S5-SLF1,MANGILKKLPEDLVFLILLTFPVKSLLRLKCISKAWSILIQSTTFINRHINRKTNTKAEFILFKRSIKDEEEEFINILSFFSGHDDVLNPLFPDIDVSYMTSKCDCSFNPLIGPCDGLIALTDTIITIVLNPATRNFRVLPPSPFGCPKGYHRSVEGVGFGFDTISNYYKVVRISEVYCEEADGYPGPKDSKIDVCDLSTDSWRELDHVQLPSIYWVPCAGMLYKEMVHWFATTDTSMVILCFDMSTEMFHDMKMPDTCSRITHELYYGLVVLCESFTLIGYSNPISSIDPVEDKMHIWVMMEYGVSESWIMKYTIRPLSIESPLAVWKNHILLLQSRSGLLISYDLNSGEAKELNLHGFPDTLSVKVYKECLTSIPKGSEYSTKVQKF,S9-RNase,YGEFELLQLVLTWPASFCYANHCERIAPNNFTIHGLWPDNVTIRLQYCKPKPTYTTFAGKMLNDLDKHWIQLKYKEAYARREQPTWKYQYQKHGSCCQTKYKQIPYFSLALRLKDRFDLLTTLRTHHIVPGSSYTFDDIFDAVKTVTQMNPDLKCTEVTKGTQELDEIGICFTPKADKMFPCRQSDTCEKTRKILFRG
S5-SLF1,MANGILKKLPEDLVFLILLTFPVKSLLRLKCISKAWSILIQSTTFINRHINRKTNTKAEFILFKRSIKDEEEEFINILSFFSGHDDVLNPLFPDIDVSYMTSKCDCSFNPLIGPCDGLIALTDTIITIVLNPATRNFRVLPPSPFGCPKGYHRSVEGVGFGFDTISNYYKVVRISEVYCEEADGYPGPKDSKIDVCDLSTDSWRELDHVQLPSIYWVPCAGMLYKEMVHWFATTDTSMVILCFDMSTEMFHDMKMPDTCSRITHELYYGLVVLCESFTLIGYSNPISSIDPVEDKMHIWVMMEYGVSESWIMKYTIRPLSIESPLAVWKNHILLLQSRSGLLISYDLNSGEAKELNLHGFPDTLSVKVYKECLTSIPKGSEYSTKVQKF,S5-RNase,MFRSQLTSVIFVLFFSLPPIYGYFEYMQLVLTWPPAFCHIKRCRRTPNNFTIHGLWPDNYSTMLNFCTDDEFVKFTDDDKKDKLDKRWPDLITDEADCKGTQDFWKREYEKHGTCCLSSYNQEQYFELAMVLKDRFDLVKSFRNHGIIPGTAGHTVQKINNTVKAITQGFPNLACTGDPYKALELKEIGICFDRTGKNVINCPHPRTCKQTRTGEIKFP
S5-SLF3,MTAMKKLPIDVVINILFRLPVKSLTRFKCVTKSWYALIQSVDFINRHLNRATTITDEFILFKRSFKEQEGFRNVMSFLVGGVGEDDLDPISPDVDVPYLSTSYSCICHQLTGPCHGLILLTDSTNLVLLNPATRNYRLLPPSPFGIQRGFYRSVAGVGFGYDSVHKTYKVVRISEVYGEPPFNCPSVMEWKGEVYNSSTDSWRELDCVDQELPWPYNFAYSEIFYEGAFHWYAHKNVVLILCFDVNTETFRTMEVPEPCASYDEKCHSLLVLDEFLTLFCYPDPRRESSPIQETIEIWTMQEYRVNESWIKKHTIKSPPIESPLAIWKDRLLLFQDKSGILISYDLNSDEVKEFKLDGYPATLRVIIYKESLTPIPKGSTQVQNF,S11-RNase,MLRSQLMSVFFILFFALSPVYGAFDQIQLVLTWPPTYCHEKHCNRIPRNFTIHGLWPDNQHVMLNNCAKTFQKITNVRKIKELDDRWPDLQKSKSEATRTQSFWQYNKHGTCCTERYDRQAYFDLAQNLKDKYDALQILKNHGIIPGKSYAVDKIEEAIRDATQAYPNLNCIGDPQKTMELKEIGICLNPDATKATACHRRRTCNPINNKEIDFPL
S5-SLF3,MTAMKKLPIDVVINILFRLPVKSLTRFKCVTKSWYALIQSVDFINRHLNRATTITDEFILFKRSFKEQEGFRNVMSFLVGGVGEDDLDPISPDVDVPYLSTSYSCICHQLTGPCHGLILLTDSTNLVLLNPATRNYRLLPPSPFGIQRGFYRSVAGVGFGYDSVHKTYKVVRISEVYGEPPFNCPSVMEWKGEVYNSSTDSWRELDCVDQELPWPYNFAYSEIFYEGAFHWYAHKNVVLILCFDVNTETFRTMEVPEPCASYDEKCHSLLVLDEFLTLFCYPDPRRESSPIQETIEIWTMQEYRVNESWIKKHTIKSPPIESPLAIWKDRLLLFQDKSGILISYDLNSDEVKEFKLDGYPATLRVIIYKESLTPIPKGSTQVQNF,S7-RNase,MFRSQLMSAFFILFLAQAPVYGVFDQIQLVLTWPPSFCHTKPCKRTPRNFTIHGLWPDDQHVLLNDCDKTYTTISDAREKKELDARWPDLRYTERDAIQLQSFWRYEYNKHGTCCSERYDQEAYFNLAKNLKDKFHLLQILRIQGIIPGKTYPVDKIEEAVKAVTHEYPNLECVGDPYKTLELKEIGICLNPEATKVTPCHRRKTCKPLNKKEISFPQ
S5-SLF3,MTAMKKLPIDVVINILFRLPVKSLTRFKCVTKSWYALIQSVDFINRHLNRATTITDEFILFKRSFKEQEGFRNVMSFLVGGVGEDDLDPISPDVDVPYLSTSYSCICHQLTGPCHGLILLTDSTNLVLLNPATRNYRLLPPSPFGIQRGFYRSVAGVGFGYDSVHKTYKVVRISEVYGEPPFNCPSVMEWKGEVYNSSTDSWRELDCVDQELPWPYNFAYSEIFYEGAFHWYAHKNVVLILCFDVNTETFRTMEVPEPCASYDEKCHSLLVLDEFLTLFCYPDPRRESSPIQETIEIWTMQEYRVNESWIKKHTIKSPPIESPLAIWKDRLLLFQDKSGILISYDLNSDEVKEFKLDGYPATLRVIIYKESLTPIPKGSTQVQNF,S17-RNase,MFKSQLTSAHFILLFAISPIYGDFDYMQLVLTWPATFCYPKGFCQRIPPKNFTIHGLWPDKERQRLQFCAKDYKYVNFEGDIKSSLDHHWIQLRFNKEVGLKYQPLWHDQYKKHGTCCSNLYDQTAYFLLAMRLKNKFDLLGTLRTNGITPGRRYTFQRIHGAIKTVTQMDPDLKCVEHIKGVLELNEIGICFTPNAESPYHCPQSHSCEKRGYTGILFR
S5-SLF3,MTAMKKLPIDVVINILFRLPVKSLTRFKCVTKSWYALIQSVDFINRHLNRATTITDEFILFKRSFKEQEGFRNVMSFLVGGVGEDDLDPISPDVDVPYLSTSYSCICHQLTGPCHGLILLTDSTNLVLLNPATRNYRLLPPSPFGIQRGFYRSVAGVGFGYDSVHKTYKVVRISEVYGEPPFNCPSVMEWKGEVYNSSTDSWRELDCVDQELPWPYNFAYSEIFYEGAFHWYAHKNVVLILCFDVNTETFRTMEVPEPCASYDEKCHSLLVLDEFLTLFCYPDPRRESSPIQETIEIWTMQEYRVNESWIKKHTIKSPPIESPLAIWKDRLLLFQDKSGILISYDLNSDEVKEFKLDGYPATLRVIIYKESLTPIPKGSTQVQNF,S9-RNase,YGEFELLQLVLTWPASFCYANHCERIAPNNFTIHGLWPDNVTIRLQYCKPKPTYTTFAGKMLNDLDKHWIQLKYKEAYARREQPTWKYQYQKHGSCCQTKYKQIPYFSLALRLKDRFDLLTTLRTHHIVPGSSYTFDDIFDAVKTVTQMNPDLKCTEVTKGTQELDEIGICFTPKADKMFPCRQSDTCEKTRKILFRG
S5-SLF3,MTAMKKLPIDVVINILFRLPVKSLTRFKCVTKSWYALIQSVDFINRHLNRATTITDEFILFKRSFKEQEGFRNVMSFLVGGVGEDDLDPISPDVDVPYLSTSYSCICHQLTGPCHGLILLTDSTNLVLLNPATRNYRLLPPSPFGIQRGFYRSVAGVGFGYDSVHKTYKVVRISEVYGEPPFNCPSVMEWKGEVYNSSTDSWRELDCVDQELPWPYNFAYSEIFYEGAFHWYAHKNVVLILCFDVNTETFRTMEVPEPCASYDEKCHSLLVLDEFLTLFCYPDPRRESSPIQETIEIWTMQEYRVNESWIKKHTIKSPPIESPLAIWKDRLLLFQDKSGILISYDLNSDEVKEFKLDGYPATLRVIIYKESLTPIPKGSTQVQNF,S5-RNase,MFRSQLTSVIFVLFFSLPPIYGYFEYMQLVLTWPPAFCHIKRCRRTPNNFTIHGLWPDNYSTMLNFCTDDEFVKFTDDDKKDKLDKRWPDLITDEADCKGTQDFWKREYEKHGTCCLSSYNQEQYFELAMVLKDRFDLVKSFRNHGIIPGTAGHTVQKINNTVKAITQGFPNLACTGDPYKALELKEIGICFDRTGKNVINCPHPRTCKQTRTGEIKFP
S11-SLF3,MKKLPKDVVINILFRIPVKSLFRFKCVTKSWYSLIQSVNFNNHHLNRATTVKDEFILFKRSFKEPEGFKNVMSFLLCGIGDDDLDPFSPDVDVPYLSTSYSCICHQLTGPCHGLILLTDSTNLVLINPATRNYRLLPSSPFGVQRGFYRCFAGVGFGYDSIEKTYKVVRISEMYGEPPFNCPSVMEWKGEVYDSSIDSWREVAGVDEELPRPYNFPCSEIFYERAFHWYAHRNVVLILCFDINTETFRTMEVPETCANYDEKCHSLLVLDEFLTLFCYPDPRRESSPIQETIEIWIMQEYNVNESWIKKHTIKSPPIESPLAIWKDRLLLFQDKSGNLISYDLNSDEVKEFKLDGYPGTLRVIIYKESLTPIPKGSTQVQNF,S11-RNase,MLRSQLMSVFFILFFALSPVYGAFDQIQLVLTWPPTYCHEKHCNRIPRNFTIHGLWPDNQHVMLNNCAKTFQKITNVRKIKELDDRWPDLQKSKSEATRTQSFWQYNKHGTCCTERYDRQAYFDLAQNLKDKYDALQILKNHGIIPGKSYAVDKIEEAIRDATQAYPNLNCIGDPQKTMELKEIGICLNPDATKATACHRRRTCNPINNKEIDFPL
S11-SLF3,MKKLPKDVVINILFRIPVKSLFRFKCVTKSWYSLIQSVNFNNHHLNRATTVKDEFILFKRSFKEPEGFKNVMSFLLCGIGDDDLDPFSPDVDVPYLSTSYSCICHQLTGPCHGLILLTDSTNLVLINPATRNYRLLPSSPFGVQRGFYRCFAGVGFGYDSIEKTYKVVRISEMYGEPPFNCPSVMEWKGEVYDSSIDSWREVAGVDEELPRPYNFPCSEIFYERAFHWYAHRNVVLILCFDINTETFRTMEVPETCANYDEKCHSLLVLDEFLTLFCYPDPRRESSPIQETIEIWIMQEYNVNESWIKKHTIKSPPIESPLAIWKDRLLLFQDKSGNLISYDLNSDEVKEFKLDGYPGTLRVIIYKESLTPIPKGSTQVQNF,S7-RNase,MFRSQLMSAFFILFLAQAPVYGVFDQIQLVLTWPPSFCHTKPCKRTPRNFTIHGLWPDDQHVLLNDCDKTYTTISDAREKKELDARWPDLRYTERDAIQLQSFWRYEYNKHGTCCSERYDQEAYFNLAKNLKDKFHLLQILRIQGIIPGKTYPVDKIEEAVKAVTHEYPNLECVGDPYKTLELKEIGICLNPEATKVTPCHRRKTCKPLNKKEISFPQ
S11-SLF3,MKKLPKDVVINILFRIPVKSLFRFKCVTKSWYSLIQSVNFNNHHLNRATTVKDEFILFKRSFKEPEGFKNVMSFLLCGIGDDDLDPFSPDVDVPYLSTSYSCICHQLTGPCHGLILLTDSTNLVLINPATRNYRLLPSSPFGVQRGFYRCFAGVGFGYDSIEKTYKVVRISEMYGEPPFNCPSVMEWKGEVYDSSIDSWREVAGVDEELPRPYNFPCSEIFYERAFHWYAHRNVVLILCFDINTETFRTMEVPETCANYDEKCHSLLVLDEFLTLFCYPDPRRESSPIQETIEIWIMQEYNVNESWIKKHTIKSPPIESPLAIWKDRLLLFQDKSGNLISYDLNSDEVKEFKLDGYPGTLRVIIYKESLTPIPKGSTQVQNF,S17-RNase,MFKSQLTSAHFILLFAISPIYGDFDYMQLVLTWPATFCYPKGFCQRIPPKNFTIHGLWPDKERQRLQFCAKDYKYVNFEGDIKSSLDHHWIQLRFNKEVGLKYQPLWHDQYKKHGTCCSNLYDQTAYFLLAMRLKNKFDLLGTLRTNGITPGRRYTFQRIHGAIKTVTQMDPDLKCVEHIKGVLELNEIGICFTPNAESPYHCPQSHSCEKRGYTGILFR
S11-SLF3,MKKLPKDVVINILFRIPVKSLFRFKCVTKSWYSLIQSVNFNNHHLNRATTVKDEFILFKRSFKEPEGFKNVMSFLLCGIGDDDLDPFSPDVDVPYLSTSYSCICHQLTGPCHGLILLTDSTNLVLINPATRNYRLLPSSPFGVQRGFYRCFAGVGFGYDSIEKTYKVVRISEMYGEPPFNCPSVMEWKGEVYDSSIDSWREVAGVDEELPRPYNFPCSEIFYERAFHWYAHRNVVLILCFDINTETFRTMEVPETCANYDEKCHSLLVLDEFLTLFCYPDPRRESSPIQETIEIWIMQEYNVNESWIKKHTIKSPPIESPLAIWKDRLLLFQDKSGNLISYDLNSDEVKEFKLDGYPGTLRVIIYKESLTPIPKGSTQVQNF,S9-RNase,YGEFELLQLVLTWPASFCYANHCERIAPNNFTIHGLWPDNVTIRLQYCKPKPTYTTFAGKMLNDLDKHWIQLKYKEAYARREQPTWKYQYQKHGSCCQTKYKQIPYFSLALRLKDRFDLLTTLRTHHIVPGSSYTFDDIFDAVKTVTQMNPDLKCTEVTKGTQELDEIGICFTPKADKMFPCRQSDTCEKTRKILFRG
S11-SLF3,MKKLPKDVVINILFRIPVKSLFRFKCVTKSWYSLIQSVNFNNHHLNRATTVKDEFILFKRSFKEPEGFKNVMSFLLCGIGDDDLDPFSPDVDVPYLSTSYSCICHQLTGPCHGLILLTDSTNLVLINPATRNYRLLPSSPFGVQRGFYRCFAGVGFGYDSIEKTYKVVRISEMYGEPPFNCPSVMEWKGEVYDSSIDSWREVAGVDEELPRPYNFPCSEIFYERAFHWYAHRNVVLILCFDINTETFRTMEVPETCANYDEKCHSLLVLDEFLTLFCYPDPRRESSPIQETIEIWIMQEYNVNESWIKKHTIKSPPIESPLAIWKDRLLLFQDKSGNLISYDLNSDEVKEFKLDGYPGTLRVIIYKESLTPIPKGSTQVQNF,S5-RNase,MFRSQLTSVIFVLFFSLPPIYGYFEYMQLVLTWPPAFCHIKRCRRTPNNFTIHGLWPDNYSTMLNFCTDDEFVKFTDDDKKDKLDKRWPDLITDEADCKGTQDFWKREYEKHGTCCLSSYNQEQYFELAMVLKDRFDLVKSFRNHGIIPGTAGHTVQKINNTVKAITQGFPNLACTGDPYKALELKEIGICFDRTGKNVINCPHPRTCKQTRTGEIKFP
S7-SLF4,MKLYSKEYKMADRIIMKLPQDVFIYILLRLPVKLLLRFRCVSKSCYTLIQSSTFINIHLDRTTTSEDEYILFKRSFKEDVESYKGIFSFYSSHNDDGDLNSIFPDLDVPNMTSLYSIDYDKIIGPCHGLIAVMDSRSTILFNPSTRKYRLLPSSPFGIPKGYYRSIDSGGFGFDSVVNDYKVFRISDVYTEDRYGYPEEGERKVEVYEVGIDIWRELDHVDQDLPRLFWLTSSISYNGAYHWITTLNHEDKLIILCFDMSTEIFRNINTPDTRQFSSGTCHSLVLLDECLSFMCHPYLGPEIDPTTDLIDIWMMKDYNVYESWTKKYTIRVLPIDESPLAVWKDSLLIFQGKSGYLMSYDFKSEEVKEWNLHGCQKSMRAIVYKESLVPIPRGSQSTQLQNI,S11-RNase,MLRSQLMSVFFILFFALSPVYGAFDQIQLVLTWPPTYCHEKHCNRIPRNFTIHGLWPDNQHVMLNNCAKTFQKITNVRKIKELDDRWPDLQKSKSEATRTQSFWQYNKHGTCCTERYDRQAYFDLAQNLKDKYDALQILKNHGIIPGKSYAVDKIEEAIRDATQAYPNLNCIGDPQKTMELKEIGICLNPDATKATACHRRRTCNPINNKEIDFPL
S7-SLF4,MKLYSKEYKMADRIIMKLPQDVFIYILLRLPVKLLLRFRCVSKSCYTLIQSSTFINIHLDRTTTSEDEYILFKRSFKEDVESYKGIFSFYSSHNDDGDLNSIFPDLDVPNMTSLYSIDYDKIIGPCHGLIAVMDSRSTILFNPSTRKYRLLPSSPFGIPKGYYRSIDSGGFGFDSVVNDYKVFRISDVYTEDRYGYPEEGERKVEVYEVGIDIWRELDHVDQDLPRLFWLTSSISYNGAYHWITTLNHEDKLIILCFDMSTEIFRNINTPDTRQFSSGTCHSLVLLDECLSFMCHPYLGPEIDPTTDLIDIWMMKDYNVYESWTKKYTIRVLPIDESPLAVWKDSLLIFQGKSGYLMSYDFKSEEVKEWNLHGCQKSMRAIVYKESLVPIPRGSQSTQLQNI,S7-RNase,MFRSQLMSAFFILFLAQAPVYGVFDQIQLVLTWPPSFCHTKPCKRTPRNFTIHGLWPDDQHVLLNDCDKTYTTISDAREKKELDARWPDLRYTERDAIQLQSFWRYEYNKHGTCCSERYDQEAYFNLAKNLKDKFHLLQILRIQGIIPGKTYPVDKIEEAVKAVTHEYPNLECVGDPYKTLELKEIGICLNPEATKVTPCHRRKTCKPLNKKEISFPQ
S7-SLF4,MKLYSKEYKMADRIIMKLPQDVFIYILLRLPVKLLLRFRCVSKSCYTLIQSSTFINIHLDRTTTSEDEYILFKRSFKEDVESYKGIFSFYSSHNDDGDLNSIFPDLDVPNMTSLYSIDYDKIIGPCHGLIAVMDSRSTILFNPSTRKYRLLPSSPFGIPKGYYRSIDSGGFGFDSVVNDYKVFRISDVYTEDRYGYPEEGERKVEVYEVGIDIWRELDHVDQDLPRLFWLTSSISYNGAYHWITTLNHEDKLIILCFDMSTEIFRNINTPDTRQFSSGTCHSLVLLDECLSFMCHPYLGPEIDPTTDLIDIWMMKDYNVYESWTKKYTIRVLPIDESPLAVWKDSLLIFQGKSGYLMSYDFKSEEVKEWNLHGCQKSMRAIVYKESLVPIPRGSQSTQLQNI,S17-RNase,MFKSQLTSAHFILLFAISPIYGDFDYMQLVLTWPATFCYPKGFCQRIPPKNFTIHGLWPDKERQRLQFCAKDYKYVNFEGDIKSSLDHHWIQLRFNKEVGLKYQPLWHDQYKKHGTCCSNLYDQTAYFLLAMRLKNKFDLLGTLRTNGITPGRRYTFQRIHGAIKTVTQMDPDLKCVEHIKGVLELNEIGICFTPNAESPYHCPQSHSCEKRGYTGILFR
S7-SLF4,MKLYSKEYKMADRIIMKLPQDVFIYILLRLPVKLLLRFRCVSKSCYTLIQSSTFINIHLDRTTTSEDEYILFKRSFKEDVESYKGIFSFYSSHNDDGDLNSIFPDLDVPNMTSLYSIDYDKIIGPCHGLIAVMDSRSTILFNPSTRKYRLLPSSPFGIPKGYYRSIDSGGFGFDSVVNDYKVFRISDVYTEDRYGYPEEGERKVEVYEVGIDIWRELDHVDQDLPRLFWLTSSISYNGAYHWITTLNHEDKLIILCFDMSTEIFRNINTPDTRQFSSGTCHSLVLLDECLSFMCHPYLGPEIDPTTDLIDIWMMKDYNVYESWTKKYTIRVLPIDESPLAVWKDSLLIFQGKSGYLMSYDFKSEEVKEWNLHGCQKSMRAIVYKESLVPIPRGSQSTQLQNI,S9-RNase,YGEFELLQLVLTWPASFCYANHCERIAPNNFTIHGLWPDNVTIRLQYCKPKPTYTTFAGKMLNDLDKHWIQLKYKEAYARREQPTWKYQYQKHGSCCQTKYKQIPYFSLALRLKDRFDLLTTLRTHHIVPGSSYTFDDIFDAVKTVTQMNPDLKCTEVTKGTQELDEIGICFTPKADKMFPCRQSDTCEKTRKILFRG
S7-SLF4,MKLYSKEYKMADRIIMKLPQDVFIYILLRLPVKLLLRFRCVSKSCYTLIQSSTFINIHLDRTTTSEDEYILFKRSFKEDVESYKGIFSFYSSHNDDGDLNSIFPDLDVPNMTSLYSIDYDKIIGPCHGLIAVMDSRSTILFNPSTRKYRLLPSSPFGIPKGYYRSIDSGGFGFDSVVNDYKVFRISDVYTEDRYGYPEEGERKVEVYEVGIDIWRELDHVDQDLPRLFWLTSSISYNGAYHWITTLNHEDKLIILCFDMSTEIFRNINTPDTRQFSSGTCHSLVLLDECLSFMCHPYLGPEIDPTTDLIDIWMMKDYNVYESWTKKYTIRVLPIDESPLAVWKDSLLIFQGKSGYLMSYDFKSEEVKEWNLHGCQKSMRAIVYKESLVPIPRGSQSTQLQNI,S5-RNase,MFRSQLTSVIFVLFFSLPPIYGYFEYMQLVLTWPPAFCHIKRCRRTPNNFTIHGLWPDNYSTMLNFCTDDEFVKFTDDDKKDKLDKRWPDLITDEADCKGTQDFWKREYEKHGTCCLSSYNQEQYFELAMVLKDRFDLVKSFRNHGIIPGTAGHTVQKINNTVKAITQGFPNLACTGDPYKALELKEIGICFDRTGKNVINCPHPRTCKQTRTGEIKFP
S5-SLF5,MKMPHGIMKKLPEDVILCIFLRIPVKSLMRFKCVSKNYYTLLQSTTFINLHLNRTTTVKDEFILLKRSFKEDINQYKTIFSFLSGDGDHDYLNPIFSDFDVPNMTDTQSIIFDQLIGPCHGLIALMDDFTTIIFNPSTRIFRLLPPSPFDRPKGYHRSIKCLGFGFDSVVNDYKVVRISEFLKDDCYGYVQVEEENVEIYELGIDCWRELNHVNQQFPTIFWVPCSQIFYMGTFHWIAQSVILCFNMSTEIFHHIRMPDPCHNIRNHSLVILNESLTLICYSSVAPTSDPIEDLMEIWILKDYDVSESWVKKYTIRSLPIKIPLAIWKDNLLLFQNRSGYLMVYDLRTDNVKELNIHGCPESMRVAVYKENLTIIPSGSESSTPVHKF,S11-RNase,MLRSQLMSVFFILFFALSPVYGAFDQIQLVLTWPPTYCHEKHCNRIPRNFTIHGLWPDNQHVMLNNCAKTFQKITNVRKIKELDDRWPDLQKSKSEATRTQSFWQYNKHGTCCTERYDRQAYFDLAQNLKDKYDALQILKNHGIIPGKSYAVDKIEEAIRDATQAYPNLNCIGDPQKTMELKEIGICLNPDATKATACHRRRTCNPINNKEIDFPL
S5-SLF5,MKMPHGIMKKLPEDVILCIFLRIPVKSLMRFKCVSKNYYTLLQSTTFINLHLNRTTTVKDEFILLKRSFKEDINQYKTIFSFLSGDGDHDYLNPIFSDFDVPNMTDTQSIIFDQLIGPCHGLIALMDDFTTIIFNPSTRIFRLLPPSPFDRPKGYHRSIKCLGFGFDSVVNDYKVVRISEFLKDDCYGYVQVEEENVEIYELGIDCWRELNHVNQQFPTIFWVPCSQIFYMGTFHWIAQSVILCFNMSTEIFHHIRMPDPCHNIRNHSLVILNESLTLICYSSVAPTSDPIEDLMEIWILKDYDVSESWVKKYTIRSLPIKIPLAIWKDNLLLFQNRSGYLMVYDLRTDNVKELNIHGCPESMRVAVYKENLTIIPSGSESSTPVHKF,S7-RNase,MFRSQLMSAFFILFLAQAPVYGVFDQIQLVLTWPPSFCHTKPCKRTPRNFTIHGLWPDDQHVLLNDCDKTYTTISDAREKKELDARWPDLRYTERDAIQLQSFWRYEYNKHGTCCSERYDQEAYFNLAKNLKDKFHLLQILRIQGIIPGKTYPVDKIEEAVKAVTHEYPNLECVGDPYKTLELKEIGICLNPEATKVTPCHRRKTCKPLNKKEISFPQ
S5-SLF5,MKMPHGIMKKLPEDVILCIFLRIPVKSLMRFKCVSKNYYTLLQSTTFINLHLNRTTTVKDEFILLKRSFKEDINQYKTIFSFLSGDGDHDYLNPIFSDFDVPNMTDTQSIIFDQLIGPCHGLIALMDDFTTIIFNPSTRIFRLLPPSPFDRPKGYHRSIKCLGFGFDSVVNDYKVVRISEFLKDDCYGYVQVEEENVEIYELGIDCWRELNHVNQQFPTIFWVPCSQIFYMGTFHWIAQSVILCFNMSTEIFHHIRMPDPCHNIRNHSLVILNESLTLICYSSVAPTSDPIEDLMEIWILKDYDVSESWVKKYTIRSLPIKIPLAIWKDNLLLFQNRSGYLMVYDLRTDNVKELNIHGCPESMRVAVYKENLTIIPSGSESSTPVHKF,S17-RNase,MFKSQLTSAHFILLFAISPIYGDFDYMQLVLTWPATFCYPKGFCQRIPPKNFTIHGLWPDKERQRLQFCAKDYKYVNFEGDIKSSLDHHWIQLRFNKEVGLKYQPLWHDQYKKHGTCCSNLYDQTAYFLLAMRLKNKFDLLGTLRTNGITPGRRYTFQRIHGAIKTVTQMDPDLKCVEHIKGVLELNEIGICFTPNAESPYHCPQSHSCEKRGYTGILFR
S5-SLF5,MKMPHGIMKKLPEDVILCIFLRIPVKSLMRFKCVSKNYYTLLQSTTFINLHLNRTTTVKDEFILLKRSFKEDINQYKTIFSFLSGDGDHDYLNPIFSDFDVPNMTDTQSIIFDQLIGPCHGLIALMDDFTTIIFNPSTRIFRLLPPSPFDRPKGYHRSIKCLGFGFDSVVNDYKVVRISEFLKDDCYGYVQVEEENVEIYELGIDCWRELNHVNQQFPTIFWVPCSQIFYMGTFHWIAQSVILCFNMSTEIFHHIRMPDPCHNIRNHSLVILNESLTLICYSSVAPTSDPIEDLMEIWILKDYDVSESWVKKYTIRSLPIKIPLAIWKDNLLLFQNRSGYLMVYDLRTDNVKELNIHGCPESMRVAVYKENLTIIPSGSESSTPVHKF,S9-RNase,YGEFELLQLVLTWPASFCYANHCERIAPNNFTIHGLWPDNVTIRLQYCKPKPTYTTFAGKMLNDLDKHWIQLKYKEAYARREQPTWKYQYQKHGSCCQTKYKQIPYFSLALRLKDRFDLLTTLRTHHIVPGSSYTFDDIFDAVKTVTQMNPDLKCTEVTKGTQELDEIGICFTPKADKMFPCRQSDTCEKTRKILFRG
S5-SLF5,MKMPHGIMKKLPEDVILCIFLRIPVKSLMRFKCVSKNYYTLLQSTTFINLHLNRTTTVKDEFILLKRSFKEDINQYKTIFSFLSGDGDHDYLNPIFSDFDVPNMTDTQSIIFDQLIGPCHGLIALMDDFTTIIFNPSTRIFRLLPPSPFDRPKGYHRSIKCLGFGFDSVVNDYKVVRISEFLKDDCYGYVQVEEENVEIYELGIDCWRELNHVNQQFPTIFWVPCSQIFYMGTFHWIAQSVILCFNMSTEIFHHIRMPDPCHNIRNHSLVILNESLTLICYSSVAPTSDPIEDLMEIWILKDYDVSESWVKKYTIRSLPIKIPLAIWKDNLLLFQNRSGYLMVYDLRTDNVKELNIHGCPESMRVAVYKENLTIIPSGSESSTPVHKF,S5-RNase,MFRSQLTSVIFVLFFSLPPIYGYFEYMQLVLTWPPAFCHIKRCRRTPNNFTIHGLWPDNYSTMLNFCTDDEFVKFTDDDKKDKLDKRWPDLITDEADCKGTQDFWKREYEKHGTCCLSSYNQEQYFELAMVLKDRFDLVKSFRNHGIIPGTAGHTVQKINNTVKAITQGFPNLACTGDPYKALELKEIGICFDRTGKNVINCPHPRTCKQTRTGEIKFP
S11-SLF1,MANGILKKLPEDLLFLILLTFPVKSLMRFKCISKAWSILIQSTTFINCHANRKTNTKDEFILFKRAIKDEEEEFINILSFFSGHNDVLNPLFPDIDVSYMTSKCDCAFNPLIGPCDGLIALTDSIITIILNPATRNFRVLPPSPFGCPKGYHRSVEGVGFGLDTISNYYKVVRISEVYCEEADGYPGPKDSKIDVCDLSTDSWRELDHVQLPSIYWVPCSGMLYKEMVHWFATTDIMVILCFDMSTEMFHTMKMPDTCSRITHELYYGLVILCESFTLIGYSNPISSIDPVKDKMHIWVMIEYGVSESWIMRYTIKPLSIESPLAVWKNHILLLQSRSGLLISYDLHSGDAKELSLHGFPDSLSVKVYKECLTSIPEGGEYSTKVQKF,S11-RNase,MLRSQLMSVFFILFFALSPVYGAFDQIQLVLTWPPTYCHEKHCNRIPRNFTIHGLWPDNQHVMLNNCAKTFQKITNVRKIKELDDRWPDLQKSKSEATRTQSFWQYNKHGTCCTERYDRQAYFDLAQNLKDKYDALQILKNHGIIPGKSYAVDKIEEAIRDATQAYPNLNCIGDPQKTMELKEIGICLNPDATKATACHRRRTCNPINNKEIDFPL
S11-SLF1,MANGILKKLPEDLLFLILLTFPVKSLMRFKCISKAWSILIQSTTFINCHANRKTNTKDEFILFKRAIKDEEEEFINILSFFSGHNDVLNPLFPDIDVSYMTSKCDCAFNPLIGPCDGLIALTDSIITIILNPATRNFRVLPPSPFGCPKGYHRSVEGVGFGLDTISNYYKVVRISEVYCEEADGYPGPKDSKIDVCDLSTDSWRELDHVQLPSIYWVPCSGMLYKEMVHWFATTDIMVILCFDMSTEMFHTMKMPDTCSRITHELYYGLVILCESFTLIGYSNPISSIDPVKDKMHIWVMIEYGVSESWIMRYTIKPLSIESPLAVWKNHILLLQSRSGLLISYDLHSGDAKELSLHGFPDSLSVKVYKECLTSIPEGGEYSTKVQKF,S7-RNase,MFRSQLMSAFFILFLAQAPVYGVFDQIQLVLTWPPSFCHTKPCKRTPRNFTIHGLWPDDQHVLLNDCDKTYTTISDAREKKELDARWPDLRYTERDAIQLQSFWRYEYNKHGTCCSERYDQEAYFNLAKNLKDKFHLLQILRIQGIIPGKTYPVDKIEEAVKAVTHEYPNLECVGDPYKTLELKEIGICLNPEATKVTPCHRRKTCKPLNKKEISFPQ
S11-SLF1,MANGILKKLPEDLLFLILLTFPVKSLMRFKCISKAWSILIQSTTFINCHANRKTNTKDEFILFKRAIKDEEEEFINILSFFSGHNDVLNPLFPDIDVSYMTSKCDCAFNPLIGPCDGLIALTDSIITIILNPATRNFRVLPPSPFGCPKGYHRSVEGVGFGLDTISNYYKVVRISEVYCEEADGYPGPKDSKIDVCDLSTDSWRELDHVQLPSIYWVPCSGMLYKEMVHWFATTDIMVILCFDMSTEMFHTMKMPDTCSRITHELYYGLVILCESFTLIGYSNPISSIDPVKDKMHIWVMIEYGVSESWIMRYTIKPLSIESPLAVWKNHILLLQSRSGLLISYDLHSGDAKELSLHGFPDSLSVKVYKECLTSIPEGGEYSTKVQKF,S17-RNase,MFKSQLTSAHFILLFAISPIYGDFDYMQLVLTWPATFCYPKGFCQRIPPKNFTIHGLWPDKERQRLQFCAKDYKYVNFEGDIKSSLDHHWIQLRFNKEVGLKYQPLWHDQYKKHGTCCSNLYDQTAYFLLAMRLKNKFDLLGTLRTNGITPGRRYTFQRIHGAIKTVTQMDPDLKCVEHIKGVLELNEIGICFTPNAESPYHCPQSHSCEKRGYTGILFR
S11-SLF1,MANGILKKLPEDLLFLILLTFPVKSLMRFKCISKAWSILIQSTTFINCHANRKTNTKDEFILFKRAIKDEEEEFINILSFFSGHNDVLNPLFPDIDVSYMTSKCDCAFNPLIGPCDGLIALTDSIITIILNPATRNFRVLPPSPFGCPKGYHRSVEGVGFGLDTISNYYKVVRISEVYCEEADGYPGPKDSKIDVCDLSTDSWRELDHVQLPSIYWVPCSGMLYKEMVHWFATTDIMVILCFDMSTEMFHTMKMPDTCSRITHELYYGLVILCESFTLIGYSNPISSIDPVKDKMHIWVMIEYGVSESWIMRYTIKPLSIESPLAVWKNHILLLQSRSGLLISYDLHSGDAKELSLHGFPDSLSVKVYKECLTSIPEGGEYSTKVQKF,S9-RNase,YGEFELLQLVLTWPASFCYANHCERIAPNNFTIHGLWPDNVTIRLQYCKPKPTYTTFAGKMLNDLDKHWIQLKYKEAYARREQPTWKYQYQKHGSCCQTKYKQIPYFSLALRLKDRFDLLTTLRTHHIVPGSSYTFDDIFDAVKTVTQMNPDLKCTEVTKGTQELDEIGICFTPKADKMFPCRQSDTCEKTRKILFRG
S11-SLF1,MANGILKKLPEDLLFLILLTFPVKSLMRFKCISKAWSILIQSTTFINCHANRKTNTKDEFILFKRAIKDEEEEFINILSFFSGHNDVLNPLFPDIDVSYMTSKCDCAFNPLIGPCDGLIALTDSIITIILNPATRNFRVLPPSPFGCPKGYHRSVEGVGFGLDTISNYYKVVRISEVYCEEADGYPGPKDSKIDVCDLSTDSWRELDHVQLPSIYWVPCSGMLYKEMVHWFATTDIMVILCFDMSTEMFHTMKMPDTCSRITHELYYGLVILCESFTLIGYSNPISSIDPVKDKMHIWVMIEYGVSESWIMRYTIKPLSIESPLAVWKNHILLLQSRSGLLISYDLHSGDAKELSLHGFPDSLSVKVYKECLTSIPEGGEYSTKVQKF,S5-RNase,MFRSQLTSVIFVLFFSLPPIYGYFEYMQLVLTWPPAFCHIKRCRRTPNNFTIHGLWPDNYSTMLNFCTDDEFVKFTDDDKKDKLDKRWPDLITDEADCKGTQDFWKREYEKHGTCCLSSYNQEQYFELAMVLKDRFDLVKSFRNHGIIPGTAGHTVQKINNTVKAITQGFPNLACTGDPYKALELKEIGICFDRTGKNVINCPHPRTCKQTRTGEIKFP
S5-SLF2,MANRIKKLPEDVVIYMLLRFSVKSLLRFKCISKEWYTLILTNTFVKLHLNRITTTKDEFILFIRTFREEPEQLKSIASFLCCDDNNDLNSLFPDLDVSDLTSTCYTIFNQLIGPCHGLIALTDSFIIIILNPATRKYVVLPPSPFGCPKGYHRSVEGIGFGFDSMVNDYKVVRLSDVYWDPPTDYPGPREPKVDVFDLAIDSWRELDLEFPSIYYLPCSEMYYKEAVHWFIIRDTVVILCFDISTEIFRIMEMPGSCTFLDGPRYGLAILYECLTLICYPDPMSSDDPTEDLIDIWIMEKYGISESWIKKYTIRPVPIPIESPLAIWKDQLLLLQTKSGFFIAYDLTSDELKEFNLNGHFESLRVIVYTENLTTITRISDNGTQVQQF,S11-RNase,MLRSQLMSVFFILFFALSPVYGAFDQIQLVLTWPPTYCHEKHCNRIPRNFTIHGLWPDNQHVMLNNCAKTFQKITNVRKIKELDDRWPDLQKSKSEATRTQSFWQYNKHGTCCTERYDRQAYFDLAQNLKDKYDALQILKNHGIIPGKSYAVDKIEEAIRDATQAYPNLNCIGDPQKTMELKEIGICLNPDATKATACHRRRTCNPINNKEIDFPL
S5-SLF2,MANRIKKLPEDVVIYMLLRFSVKSLLRFKCISKEWYTLILTNTFVKLHLNRITTTKDEFILFIRTFREEPEQLKSIASFLCCDDNNDLNSLFPDLDVSDLTSTCYTIFNQLIGPCHGLIALTDSFIIIILNPATRKYVVLPPSPFGCPKGYHRSVEGIGFGFDSMVNDYKVVRLSDVYWDPPTDYPGPREPKVDVFDLAIDSWRELDLEFPSIYYLPCSEMYYKEAVHWFIIRDTVVILCFDISTEIFRIMEMPGSCTFLDGPRYGLAILYECLTLICYPDPMSSDDPTEDLIDIWIMEKYGISESWIKKYTIRPVPIPIESPLAIWKDQLLLLQTKSGFFIAYDLTSDELKEFNLNGHFESLRVIVYTENLTTITRISDNGTQVQQF,S7-RNase,MFRSQLMSAFFILFLAQAPVYGVFDQIQLVLTWPPSFCHTKPCKRTPRNFTIHGLWPDDQHVLLNDCDKTYTTISDAREKKELDARWPDLRYTERDAIQLQSFWRYEYNKHGTCCSERYDQEAYFNLAKNLKDKFHLLQILRIQGIIPGKTYPVDKIEEAVKAVTHEYPNLECVGDPYKTLELKEIGICLNPEATKVTPCHRRKTCKPLNKKEISFPQ
S5-SLF2,MANRIKKLPEDVVIYMLLRFSVKSLLRFKCISKEWYTLILTNTFVKLHLNRITTTKDEFILFIRTFREEPEQLKSIASFLCCDDNNDLNSLFPDLDVSDLTSTCYTIFNQLIGPCHGLIALTDSFIIIILNPATRKYVVLPPSPFGCPKGYHRSVEGIGFGFDSMVNDYKVVRLSDVYWDPPTDYPGPREPKVDVFDLAIDSWRELDLEFPSIYYLPCSEMYYKEAVHWFIIRDTVVILCFDISTEIFRIMEMPGSCTFLDGPRYGLAILYECLTLICYPDPMSSDDPTEDLIDIWIMEKYGISESWIKKYTIRPVPIPIESPLAIWKDQLLLLQTKSGFFIAYDLTSDELKEFNLNGHFESLRVIVYTENLTTITRISDNGTQVQQF,S17-RNase,MFKSQLTSAHFILLFAISPIYGDFDYMQLVLTWPATFCYPKGFCQRIPPKNFTIHGLWPDKERQRLQFCAKDYKYVNFEGDIKSSLDHHWIQLRFNKEVGLKYQPLWHDQYKKHGTCCSNLYDQTAYFLLAMRLKNKFDLLGTLRTNGITPGRRYTFQRIHGAIKTVTQMDPDLKCVEHIKGVLELNEIGICFTPNAESPYHCPQSHSCEKRGYTGILFR
S5-SLF2,MANRIKKLPEDVVIYMLLRFSVKSLLRFKCISKEWYTLILTNTFVKLHLNRITTTKDEFILFIRTFREEPEQLKSIASFLCCDDNNDLNSLFPDLDVSDLTSTCYTIFNQLIGPCHGLIALTDSFIIIILNPATRKYVVLPPSPFGCPKGYHRSVEGIGFGFDSMVNDYKVVRLSDVYWDPPTDYPGPREPKVDVFDLAIDSWRELDLEFPSIYYLPCSEMYYKEAVHWFIIRDTVVILCFDISTEIFRIMEMPGSCTFLDGPRYGLAILYECLTLICYPDPMSSDDPTEDLIDIWIMEKYGISESWIKKYTIRPVPIPIESPLAIWKDQLLLLQTKSGFFIAYDLTSDELKEFNLNGHFESLRVIVYTENLTTITRISDNGTQVQQF,S9-RNase,YGEFELLQLVLTWPASFCYANHCERIAPNNFTIHGLWPDNVTIRLQYCKPKPTYTTFAGKMLNDLDKHWIQLKYKEAYARREQPTWKYQYQKHGSCCQTKYKQIPYFSLALRLKDRFDLLTTLRTHHIVPGSSYTFDDIFDAVKTVTQMNPDLKCTEVTKGTQELDEIGICFTPKADKMFPCRQSDTCEKTRKILFRG
S5-SLF2,MANRIKKLPEDVVIYMLLRFSVKSLLRFKCISKEWYTLILTNTFVKLHLNRITTTKDEFILFIRTFREEPEQLKSIASFLCCDDNNDLNSLFPDLDVSDLTSTCYTIFNQLIGPCHGLIALTDSFIIIILNPATRKYVVLPPSPFGCPKGYHRSVEGIGFGFDSMVNDYKVVRLSDVYWDPPTDYPGPREPKVDVFDLAIDSWRELDLEFPSIYYLPCSEMYYKEAVHWFIIRDTVVILCFDISTEIFRIMEMPGSCTFLDGPRYGLAILYECLTLICYPDPMSSDDPTEDLIDIWIMEKYGISESWIKKYTIRPVPIPIESPLAIWKDQLLLLQTKSGFFIAYDLTSDELKEFNLNGHFESLRVIVYTENLTTITRISDNGTQVQQF,S5-RNase,MFRSQLTSVIFVLFFSLPPIYGYFEYMQLVLTWPPAFCHIKRCRRTPNNFTIHGLWPDNYSTMLNFCTDDEFVKFTDDDKKDKLDKRWPDLITDEADCKGTQDFWKREYEKHGTCCLSSYNQEQYFELAMVLKDRFDLVKSFRNHGIIPGTAGHTVQKINNTVKAITQGFPNLACTGDPYKALELKEIGICFDRTGKNVINCPHPRTCKQTRTGEIKFP
S7-SLF1,MANGILKKLPEDLVFLILLTFPVKSLLRFKCISKAWSILIQSTTFINRHINRKTNTKAEFILFKRSIKDEEEEFINILSFFSGNDDVLNPLFPDIDVSYMTSKCDCTFTPLIGPCDGLIALTDTIITIVLNPATRNFRVLPPSPFGCPKGYHRSVEGVGFGFDTISYYYKVVRISEVYCEEADGYPGPKDSKIDVCDLSTDSWRELDHVQLPSIYWVPCAGMLYKEMVHWFATTDTSMVILCFDMSTEMFHDMKMPDTCSRITHELYYGLVILCESFTLIGYSNPISSIDPVEDKMHIWVMMEYGVSESWIMKYTIRPLSIESPLAVWKNHILLLQSRSGLLISYDLNSGEAKDLNLHGFPDSLSVKVYKECLTSIPKGSEYSTKVQKF,S11-RNase,MLRSQLMSVFFILFFALSPVYGAFDQIQLVLTWPPTYCHEKHCNRIPRNFTIHGLWPDNQHVMLNNCAKTFQKITNVRKIKELDDRWPDLQKSKSEATRTQSFWQYNKHGTCCTERYDRQAYFDLAQNLKDKYDALQILKNHGIIPGKSYAVDKIEEAIRDATQAYPNLNCIGDPQKTMELKEIGICLNPDATKATACHRRRTCNPINNKEIDFPL
S7-SLF1,MANGILKKLPEDLVFLILLTFPVKSLLRFKCISKAWSILIQSTTFINRHINRKTNTKAEFILFKRSIKDEEEEFINILSFFSGNDDVLNPLFPDIDVSYMTSKCDCTFTPLIGPCDGLIALTDTIITIVLNPATRNFRVLPPSPFGCPKGYHRSVEGVGFGFDTISYYYKVVRISEVYCEEADGYPGPKDSKIDVCDLSTDSWRELDHVQLPSIYWVPCAGMLYKEMVHWFATTDTSMVILCFDMSTEMFHDMKMPDTCSRITHELYYGLVILCESFTLIGYSNPISSIDPVEDKMHIWVMMEYGVSESWIMKYTIRPLSIESPLAVWKNHILLLQSRSGLLISYDLNSGEAKDLNLHGFPDSLSVKVYKECLTSIPKGSEYSTKVQKF,S7-RNase,MFRSQLMSAFFILFLAQAPVYGVFDQIQLVLTWPPSFCHTKPCKRTPRNFTIHGLWPDDQHVLLNDCDKTYTTISDAREKKELDARWPDLRYTERDAIQLQSFWRYEYNKHGTCCSERYDQEAYFNLAKNLKDKFHLLQILRIQGIIPGKTYPVDKIEEAVKAVTHEYPNLECVGDPYKTLELKEIGICLNPEATKVTPCHRRKTCKPLNKKEISFPQ
S7-SLF1,MANGILKKLPEDLVFLILLTFPVKSLLRFKCISKAWSILIQSTTFINRHINRKTNTKAEFILFKRSIKDEEEEFINILSFFSGNDDVLNPLFPDIDVSYMTSKCDCTFTPLIGPCDGLIALTDTIITIVLNPATRNFRVLPPSPFGCPKGYHRSVEGVGFGFDTISYYYKVVRISEVYCEEADGYPGPKDSKIDVCDLSTDSWRELDHVQLPSIYWVPCAGMLYKEMVHWFATTDTSMVILCFDMSTEMFHDMKMPDTCSRITHELYYGLVILCESFTLIGYSNPISSIDPVEDKMHIWVMMEYGVSESWIMKYTIRPLSIESPLAVWKNHILLLQSRSGLLISYDLNSGEAKDLNLHGFPDSLSVKVYKECLTSIPKGSEYSTKVQKF,S17-RNase,MFKSQLTSAHFILLFAISPIYGDFDYMQLVLTWPATFCYPKGFCQRIPPKNFTIHGLWPDKERQRLQFCAKDYKYVNFEGDIKSSLDHHWIQLRFNKEVGLKYQPLWHDQYKKHGTCCSNLYDQTAYFLLAMRLKNKFDLLGTLRTNGITPGRRYTFQRIHGAIKTVTQMDPDLKCVEHIKGVLELNEIGICFTPNAESPYHCPQSHSCEKRGYTGILFR
S7-SLF1,MANGILKKLPEDLVFLILLTFPVKSLLRFKCISKAWSILIQSTTFINRHINRKTNTKAEFILFKRSIKDEEEEFINILSFFSGNDDVLNPLFPDIDVSYMTSKCDCTFTPLIGPCDGLIALTDTIITIVLNPATRNFRVLPPSPFGCPKGYHRSVEGVGFGFDTISYYYKVVRISEVYCEEADGYPGPKDSKIDVCDLSTDSWRELDHVQLPSIYWVPCAGMLYKEMVHWFATTDTSMVILCFDMSTEMFHDMKMPDTCSRITHELYYGLVILCESFTLIGYSNPISSIDPVEDKMHIWVMMEYGVSESWIMKYTIRPLSIESPLAVWKNHILLLQSRSGLLISYDLNSGEAKDLNLHGFPDSLSVKVYKECLTSIPKGSEYSTKVQKF,S9-RNase,YGEFELLQLVLTWPASFCYANHCERIAPNNFTIHGLWPDNVTIRLQYCKPKPTYTTFAGKMLNDLDKHWIQLKYKEAYARREQPTWKYQYQKHGSCCQTKYKQIPYFSLALRLKDRFDLLTTLRTHHIVPGSSYTFDDIFDAVKTVTQMNPDLKCTEVTKGTQELDEIGICFTPKADKMFPCRQSDTCEKTRKILFRG
S7-SLF1,MANGILKKLPEDLVFLILLTFPVKSLLRFKCISKAWSILIQSTTFINRHINRKTNTKAEFILFKRSIKDEEEEFINILSFFSGNDDVLNPLFPDIDVSYMTSKCDCTFTPLIGPCDGLIALTDTIITIVLNPATRNFRVLPPSPFGCPKGYHRSVEGVGFGFDTISYYYKVVRISEVYCEEADGYPGPKDSKIDVCDLSTDSWRELDHVQLPSIYWVPCAGMLYKEMVHWFATTDTSMVILCFDMSTEMFHDMKMPDTCSRITHELYYGLVILCESFTLIGYSNPISSIDPVEDKMHIWVMMEYGVSESWIMKYTIRPLSIESPLAVWKNHILLLQSRSGLLISYDLNSGEAKDLNLHGFPDSLSVKVYKECLTSIPKGSEYSTKVQKF,S5-RNase,MFRSQLTSVIFVLFFSLPPIYGYFEYMQLVLTWPPAFCHIKRCRRTPNNFTIHGLWPDNYSTMLNFCTDDEFVKFTDDDKKDKLDKRWPDLITDEADCKGTQDFWKREYEKHGTCCLSSYNQEQYFELAMVLKDRFDLVKSFRNHGIIPGTAGHTVQKINNTVKAITQGFPNLACTGDPYKALELKEIGICFDRTGKNVINCPHPRTCKQTRTGEIKFP
S11-SLF4,MKLNSKKYKMSDRIIMKLPQDVFIYILLRLTVKLLLRFRCVSKSCYTLIQSSTFINIHLDRTTTSEDEYILFKRSFKEDVESYKGIFSFYSSHNDDGDLNSIFPDLDVPNMKSLYSIDYDKIIGPCHGLIAVMDSRSTILFNPSTRKYRLLPSSPFGTPKGYYRSIDSGGFGFDSVVNDYKVLRISDVYTEDRYGYPEEGERKVEVYEVGIDIWRELDHVDKDLPRLFWLTSSMYYNGAYHWITTLNHEDKLIILCFDMSTEIFRNINTPDTSQFSSGTCHSLVLLDACLSFMCHPYLGSEIDPTTDLIDIWMMKDYNVYESWTKKYTIRVLPIDESPLAVWKDSLLFFQGKSGYLMSYDFKSEEVKEWNLHGCQKSMRAMVYKESLVLIPRGSQSSTQLQNI,S11-RNase,MLRSQLMSVFFILFFALSPVYGAFDQIQLVLTWPPTYCHEKHCNRIPRNFTIHGLWPDNQHVMLNNCAKTFQKITNVRKIKELDDRWPDLQKSKSEATRTQSFWQYNKHGTCCTERYDRQAYFDLAQNLKDKYDALQILKNHGIIPGKSYAVDKIEEAIRDATQAYPNLNCIGDPQKTMELKEIGICLNPDATKATACHRRRTCNPINNKEIDFPL
S11-SLF4,MKLNSKKYKMSDRIIMKLPQDVFIYILLRLTVKLLLRFRCVSKSCYTLIQSSTFINIHLDRTTTSEDEYILFKRSFKEDVESYKGIFSFYSSHNDDGDLNSIFPDLDVPNMKSLYSIDYDKIIGPCHGLIAVMDSRSTILFNPSTRKYRLLPSSPFGTPKGYYRSIDSGGFGFDSVVNDYKVLRISDVYTEDRYGYPEEGERKVEVYEVGIDIWRELDHVDKDLPRLFWLTSSMYYNGAYHWITTLNHEDKLIILCFDMSTEIFRNINTPDTSQFSSGTCHSLVLLDACLSFMCHPYLGSEIDPTTDLIDIWMMKDYNVYESWTKKYTIRVLPIDESPLAVWKDSLLFFQGKSGYLMSYDFKSEEVKEWNLHGCQKSMRAMVYKESLVLIPRGSQSSTQLQNI,S7-RNase,MFRSQLMSAFFILFLAQAPVYGVFDQIQLVLTWPPSFCHTKPCKRTPRNFTIHGLWPDDQHVLLNDCDKTYTTISDAREKKELDARWPDLRYTERDAIQLQSFWRYEYNKHGTCCSERYDQEAYFNLAKNLKDKFHLLQILRIQGIIPGKTYPVDKIEEAVKAVTHEYPNLECVGDPYKTLELKEIGICLNPEATKVTPCHRRKTCKPLNKKEISFPQ
S11-SLF4,MKLNSKKYKMSDRIIMKLPQDVFIYILLRLTVKLLLRFRCVSKSCYTLIQSSTFINIHLDRTTTSEDEYILFKRSFKEDVESYKGIFSFYSSHNDDGDLNSIFPDLDVPNMKSLYSIDYDKIIGPCHGLIAVMDSRSTILFNPSTRKYRLLPSSPFGTPKGYYRSIDSGGFGFDSVVNDYKVLRISDVYTEDRYGYPEEGERKVEVYEVGIDIWRELDHVDKDLPRLFWLTSSMYYNGAYHWITTLNHEDKLIILCFDMSTEIFRNINTPDTSQFSSGTCHSLVLLDACLSFMCHPYLGSEIDPTTDLIDIWMMKDYNVYESWTKKYTIRVLPIDESPLAVWKDSLLFFQGKSGYLMSYDFKSEEVKEWNLHGCQKSMRAMVYKESLVLIPRGSQSSTQLQNI,S17-RNase,MFKSQLTSAHFILLFAISPIYGDFDYMQLVLTWPATFCYPKGFCQRIPPKNFTIHGLWPDKERQRLQFCAKDYKYVNFEGDIKSSLDHHWIQLRFNKEVGLKYQPLWHDQYKKHGTCCSNLYDQTAYFLLAMRLKNKFDLLGTLRTNGITPGRRYTFQRIHGAIKTVTQMDPDLKCVEHIKGVLELNEIGICFTPNAESPYHCPQSHSCEKRGYTGILFR
S11-SLF4,MKLNSKKYKMSDRIIMKLPQDVFIYILLRLTVKLLLRFRCVSKSCYTLIQSSTFINIHLDRTTTSEDEYILFKRSFKEDVESYKGIFSFYSSHNDDGDLNSIFPDLDVPNMKSLYSIDYDKIIGPCHGLIAVMDSRSTILFNPSTRKYRLLPSSPFGTPKGYYRSIDSGGFGFDSVVNDYKVLRISDVYTEDRYGYPEEGERKVEVYEVGIDIWRELDHVDKDLPRLFWLTSSMYYNGAYHWITTLNHEDKLIILCFDMSTEIFRNINTPDTSQFSSGTCHSLVLLDACLSFMCHPYLGSEIDPTTDLIDIWMMKDYNVYESWTKKYTIRVLPIDESPLAVWKDSLLFFQGKSGYLMSYDFKSEEVKEWNLHGCQKSMRAMVYKESLVLIPRGSQSSTQLQNI,S9-RNase,YGEFELLQLVLTWPASFCYANHCERIAPNNFTIHGLWPDNVTIRLQYCKPKPTYTTFAGKMLNDLDKHWIQLKYKEAYARREQPTWKYQYQKHGSCCQTKYKQIPYFSLALRLKDRFDLLTTLRTHHIVPGSSYTFDDIFDAVKTVTQMNPDLKCTEVTKGTQELDEIGICFTPKADKMFPCRQSDTCEKTRKILFRG
S11-SLF4,MKLNSKKYKMSDRIIMKLPQDVFIYILLRLTVKLLLRFRCVSKSCYTLIQSSTFINIHLDRTTTSEDEYILFKRSFKEDVESYKGIFSFYSSHNDDGDLNSIFPDLDVPNMKSLYSIDYDKIIGPCHGLIAVMDSRSTILFNPSTRKYRLLPSSPFGTPKGYYRSIDSGGFGFDSVVNDYKVLRISDVYTEDRYGYPEEGERKVEVYEVGIDIWRELDHVDKDLPRLFWLTSSMYYNGAYHWITTLNHEDKLIILCFDMSTEIFRNINTPDTSQFSSGTCHSLVLLDACLSFMCHPYLGSEIDPTTDLIDIWMMKDYNVYESWTKKYTIRVLPIDESPLAVWKDSLLFFQGKSGYLMSYDFKSEEVKEWNLHGCQKSMRAMVYKESLVLIPRGSQSSTQLQNI,S5-RNase,MFRSQLTSVIFVLFFSLPPIYGYFEYMQLVLTWPPAFCHIKRCRRTPNNFTIHGLWPDNYSTMLNFCTDDEFVKFTDDDKKDKLDKRWPDLITDEADCKGTQDFWKREYEKHGTCCLSSYNQEQYFELAMVLKDRFDLVKSFRNHGIIPGTAGHTVQKINNTVKAITQGFPNLACTGDPYKALELKEIGICFDRTGKNVINCPHPRTCKQTRTGEIKFP
S7-SLF3,MMDGTMKKLPEDMRIYILLRLPVKSLARFKCVIKSWYTLIQSFNFINFHLNRSTTTKDEFILFRRSTKEPDGFSHVLSFLLDHDGKDDLDPVCPDIDMPYLTTGFASSTSHQFTGPSNGLILLTDSLNFVLLNPATRNYRLLPPNHFCCPRGFLRLIYGVGFGYDSIQKNYKVIRVSRVYGDPPFNDRSEMSWESEVYNSSTDSWRQLANVDQELPGPYMHPYSEMFYKGTFHWYAQGQMRLLLCFDINTEIFRTMQVPSTCAVRDEKCHSLVVFGECLTFICYPDPRRESSPMQETIEIWIMQEYSVNESWIKKYTIRPPPIESPLAIWKDRLLLLQDKSGVLIAYDLNLDEVKEFKLHGHPESLRVIVYKESLTPIPIGSTQVERF,S11-RNase,MLRSQLMSVFFILFFALSPVYGAFDQIQLVLTWPPTYCHEKHCNRIPRNFTIHGLWPDNQHVMLNNCAKTFQKITNVRKIKELDDRWPDLQKSKSEATRTQSFWQYNKHGTCCTERYDRQAYFDLAQNLKDKYDALQILKNHGIIPGKSYAVDKIEEAIRDATQAYPNLNCIGDPQKTMELKEIGICLNPDATKATACHRRRTCNPINNKEIDFPL
S7-SLF3,MMDGTMKKLPEDMRIYILLRLPVKSLARFKCVIKSWYTLIQSFNFINFHLNRSTTTKDEFILFRRSTKEPDGFSHVLSFLLDHDGKDDLDPVCPDIDMPYLTTGFASSTSHQFTGPSNGLILLTDSLNFVLLNPATRNYRLLPPNHFCCPRGFLRLIYGVGFGYDSIQKNYKVIRVSRVYGDPPFNDRSEMSWESEVYNSSTDSWRQLANVDQELPGPYMHPYSEMFYKGTFHWYAQGQMRLLLCFDINTEIFRTMQVPSTCAVRDEKCHSLVVFGECLTFICYPDPRRESSPMQETIEIWIMQEYSVNESWIKKYTIRPPPIESPLAIWKDRLLLLQDKSGVLIAYDLNLDEVKEFKLHGHPESLRVIVYKESLTPIPIGSTQVERF,S7-RNase,MFRSQLMSAFFILFLAQAPVYGVFDQIQLVLTWPPSFCHTKPCKRTPRNFTIHGLWPDDQHVLLNDCDKTYTTISDAREKKELDARWPDLRYTERDAIQLQSFWRYEYNKHGTCCSERYDQEAYFNLAKNLKDKFHLLQILRIQGIIPGKTYPVDKIEEAVKAVTHEYPNLECVGDPYKTLELKEIGICLNPEATKVTPCHRRKTCKPLNKKEISFPQ
S7-SLF3,MMDGTMKKLPEDMRIYILLRLPVKSLARFKCVIKSWYTLIQSFNFINFHLNRSTTTKDEFILFRRSTKEPDGFSHVLSFLLDHDGKDDLDPVCPDIDMPYLTTGFASSTSHQFTGPSNGLILLTDSLNFVLLNPATRNYRLLPPNHFCCPRGFLRLIYGVGFGYDSIQKNYKVIRVSRVYGDPPFNDRSEMSWESEVYNSSTDSWRQLANVDQELPGPYMHPYSEMFYKGTFHWYAQGQMRLLLCFDINTEIFRTMQVPSTCAVRDEKCHSLVVFGECLTFICYPDPRRESSPMQETIEIWIMQEYSVNESWIKKYTIRPPPIESPLAIWKDRLLLLQDKSGVLIAYDLNLDEVKEFKLHGHPESLRVIVYKESLTPIPIGSTQVERF,S17-RNase,MFKSQLTSAHFILLFAISPIYGDFDYMQLVLTWPATFCYPKGFCQRIPPKNFTIHGLWPDKERQRLQFCAKDYKYVNFEGDIKSSLDHHWIQLRFNKEVGLKYQPLWHDQYKKHGTCCSNLYDQTAYFLLAMRLKNKFDLLGTLRTNGITPGRRYTFQRIHGAIKTVTQMDPDLKCVEHIKGVLELNEIGICFTPNAESPYHCPQSHSCEKRGYTGILFR
S7-SLF3,MMDGTMKKLPEDMRIYILLRLPVKSLARFKCVIKSWYTLIQSFNFINFHLNRSTTTKDEFILFRRSTKEPDGFSHVLSFLLDHDGKDDLDPVCPDIDMPYLTTGFASSTSHQFTGPSNGLILLTDSLNFVLLNPATRNYRLLPPNHFCCPRGFLRLIYGVGFGYDSIQKNYKVIRVSRVYGDPPFNDRSEMSWESEVYNSSTDSWRQLANVDQELPGPYMHPYSEMFYKGTFHWYAQGQMRLLLCFDINTEIFRTMQVPSTCAVRDEKCHSLVVFGECLTFICYPDPRRESSPMQETIEIWIMQEYSVNESWIKKYTIRPPPIESPLAIWKDRLLLLQDKSGVLIAYDLNLDEVKEFKLHGHPESLRVIVYKESLTPIPIGSTQVERF,S9-RNase,YGEFELLQLVLTWPASFCYANHCERIAPNNFTIHGLWPDNVTIRLQYCKPKPTYTTFAGKMLNDLDKHWIQLKYKEAYARREQPTWKYQYQKHGSCCQTKYKQIPYFSLALRLKDRFDLLTTLRTHHIVPGSSYTFDDIFDAVKTVTQMNPDLKCTEVTKGTQELDEIGICFTPKADKMFPCRQSDTCEKTRKILFRG
S7-SLF3,MMDGTMKKLPEDMRIYILLRLPVKSLARFKCVIKSWYTLIQSFNFINFHLNRSTTTKDEFILFRRSTKEPDGFSHVLSFLLDHDGKDDLDPVCPDIDMPYLTTGFASSTSHQFTGPSNGLILLTDSLNFVLLNPATRNYRLLPPNHFCCPRGFLRLIYGVGFGYDSIQKNYKVIRVSRVYGDPPFNDRSEMSWESEVYNSSTDSWRQLANVDQELPGPYMHPYSEMFYKGTFHWYAQGQMRLLLCFDINTEIFRTMQVPSTCAVRDEKCHSLVVFGECLTFICYPDPRRESSPMQETIEIWIMQEYSVNESWIKKYTIRPPPIESPLAIWKDRLLLLQDKSGVLIAYDLNLDEVKEFKLHGHPESLRVIVYKESLTPIPIGSTQVERF,S5-RNase,MFRSQLTSVIFVLFFSLPPIYGYFEYMQLVLTWPPAFCHIKRCRRTPNNFTIHGLWPDNYSTMLNFCTDDEFVKFTDDDKKDKLDKRWPDLITDEADCKGTQDFWKREYEKHGTCCLSSYNQEQYFELAMVLKDRFDLVKSFRNHGIIPGTAGHTVQKINNTVKAITQGFPNLACTGDPYKALELKEIGICFDRTGKNVINCPHPRTCKQTRTGEIKFP
S5-SLF4,MKLYRKEDKMSDRIIMKLPQDVFIYILLRLPVKLLLRLRCVSKSCYTLIQSSTFINIHLHRTTTSEDEYILFKRSFKEDVESYKGIFSFYSSHNDDGDLNSIFPDLDVPNMTSLYSIDYDKIIGPCHGLIAVMDSRSTILFNPSTRKYRLLPSSPFGIPKGYYRSIDSGGFGFDSVVNDYKVFRISDVYTEDRYGYPEEGERKVEVYEVGIDIWRELDLVDQDLPRLFWLTSSMYYNGAYHWITTLNHEDKLIILCFDMSTEIFRNINTPDTRQFSSGTCHSLVLLDECLSFMCHPYLGPEIDPTTDLIDIWMMKDYNVYESWTKKYTITVLPIDESPLAVWNDSLLFFQEKSGYLMSYDFKSEEVKEWNLHGCQKSMRAIVYKESLVPIPRGSQSSTQLKNI,S11-RNase,MLRSQLMSVFFILFFALSPVYGAFDQIQLVLTWPPTYCHEKHCNRIPRNFTIHGLWPDNQHVMLNNCAKTFQKITNVRKIKELDDRWPDLQKSKSEATRTQSFWQYNKHGTCCTERYDRQAYFDLAQNLKDKYDALQILKNHGIIPGKSYAVDKIEEAIRDATQAYPNLNCIGDPQKTMELKEIGICLNPDATKATACHRRRTCNPINNKEIDFPL
S5-SLF4,MKLYRKEDKMSDRIIMKLPQDVFIYILLRLPVKLLLRLRCVSKSCYTLIQSSTFINIHLHRTTTSEDEYILFKRSFKEDVESYKGIFSFYSSHNDDGDLNSIFPDLDVPNMTSLYSIDYDKIIGPCHGLIAVMDSRSTILFNPSTRKYRLLPSSPFGIPKGYYRSIDSGGFGFDSVVNDYKVFRISDVYTEDRYGYPEEGERKVEVYEVGIDIWRELDLVDQDLPRLFWLTSSMYYNGAYHWITTLNHEDKLIILCFDMSTEIFRNINTPDTRQFSSGTCHSLVLLDECLSFMCHPYLGPEIDPTTDLIDIWMMKDYNVYESWTKKYTITVLPIDESPLAVWNDSLLFFQEKSGYLMSYDFKSEEVKEWNLHGCQKSMRAIVYKESLVPIPRGSQSSTQLKNI,S7-RNase,MFRSQLMSAFFILFLAQAPVYGVFDQIQLVLTWPPSFCHTKPCKRTPRNFTIHGLWPDDQHVLLNDCDKTYTTISDAREKKELDARWPDLRYTERDAIQLQSFWRYEYNKHGTCCSERYDQEAYFNLAKNLKDKFHLLQILRIQGIIPGKTYPVDKIEEAVKAVTHEYPNLECVGDPYKTLELKEIGICLNPEATKVTPCHRRKTCKPLNKKEISFPQ
S5-SLF4,MKLYRKEDKMSDRIIMKLPQDVFIYILLRLPVKLLLRLRCVSKSCYTLIQSSTFINIHLHRTTTSEDEYILFKRSFKEDVESYKGIFSFYSSHNDDGDLNSIFPDLDVPNMTSLYSIDYDKIIGPCHGLIAVMDSRSTILFNPSTRKYRLLPSSPFGIPKGYYRSIDSGGFGFDSVVNDYKVFRISDVYTEDRYGYPEEGERKVEVYEVGIDIWRELDLVDQDLPRLFWLTSSMYYNGAYHWITTLNHEDKLIILCFDMSTEIFRNINTPDTRQFSSGTCHSLVLLDECLSFMCHPYLGPEIDPTTDLIDIWMMKDYNVYESWTKKYTITVLPIDESPLAVWNDSLLFFQEKSGYLMSYDFKSEEVKEWNLHGCQKSMRAIVYKESLVPIPRGSQSSTQLKNI,S17-RNase,MFKSQLTSAHFILLFAISPIYGDFDYMQLVLTWPATFCYPKGFCQRIPPKNFTIHGLWPDKERQRLQFCAKDYKYVNFEGDIKSSLDHHWIQLRFNKEVGLKYQPLWHDQYKKHGTCCSNLYDQTAYFLLAMRLKNKFDLLGTLRTNGITPGRRYTFQRIHGAIKTVTQMDPDLKCVEHIKGVLELNEIGICFTPNAESPYHCPQSHSCEKRGYTGILFR
S5-SLF4,MKLYRKEDKMSDRIIMKLPQDVFIYILLRLPVKLLLRLRCVSKSCYTLIQSSTFINIHLHRTTTSEDEYILFKRSFKEDVESYKGIFSFYSSHNDDGDLNSIFPDLDVPNMTSLYSIDYDKIIGPCHGLIAVMDSRSTILFNPSTRKYRLLPSSPFGIPKGYYRSIDSGGFGFDSVVNDYKVFRISDVYTEDRYGYPEEGERKVEVYEVGIDIWRELDLVDQDLPRLFWLTSSMYYNGAYHWITTLNHEDKLIILCFDMSTEIFRNINTPDTRQFSSGTCHSLVLLDECLSFMCHPYLGPEIDPTTDLIDIWMMKDYNVYESWTKKYTITVLPIDESPLAVWNDSLLFFQEKSGYLMSYDFKSEEVKEWNLHGCQKSMRAIVYKESLVPIPRGSQSSTQLKNI,S9-RNase,YGEFELLQLVLTWPASFCYANHCERIAPNNFTIHGLWPDNVTIRLQYCKPKPTYTTFAGKMLNDLDKHWIQLKYKEAYARREQPTWKYQYQKHGSCCQTKYKQIPYFSLALRLKDRFDLLTTLRTHHIVPGSSYTFDDIFDAVKTVTQMNPDLKCTEVTKGTQELDEIGICFTPKADKMFPCRQSDTCEKTRKILFRG
S5-SLF4,MKLYRKEDKMSDRIIMKLPQDVFIYILLRLPVKLLLRLRCVSKSCYTLIQSSTFINIHLHRTTTSEDEYILFKRSFKEDVESYKGIFSFYSSHNDDGDLNSIFPDLDVPNMTSLYSIDYDKIIGPCHGLIAVMDSRSTILFNPSTRKYRLLPSSPFGIPKGYYRSIDSGGFGFDSVVNDYKVFRISDVYTEDRYGYPEEGERKVEVYEVGIDIWRELDLVDQDLPRLFWLTSSMYYNGAYHWITTLNHEDKLIILCFDMSTEIFRNINTPDTRQFSSGTCHSLVLLDECLSFMCHPYLGPEIDPTTDLIDIWMMKDYNVYESWTKKYTITVLPIDESPLAVWNDSLLFFQEKSGYLMSYDFKSEEVKEWNLHGCQKSMRAIVYKESLVPIPRGSQSSTQLKNI,S5-RNase,MFRSQLTSVIFVLFFSLPPIYGYFEYMQLVLTWPPAFCHIKRCRRTPNNFTIHGLWPDNYSTMLNFCTDDEFVKFTDDDKKDKLDKRWPDLITDEADCKGTQDFWKREYEKHGTCCLSSYNQEQYFELAMVLKDRFDLVKSFRNHGIIPGTAGHTVQKINNTVKAITQGFPNLACTGDPYKALELKEIGICFDRTGKNVINCPHPRTCKQTRTGEIKFP
S11-SLF2,MMKKLPIDVVIYVLLKFPVKSLMRFKCISKALYILILNNTFVKLHLNRITSTKDELILFIRTFREEPEQLKSIASFFSCDDNNDLHTLHPDLDVSDLTSSCCTIFNELIGPCHGLIALADSFIIIILNPSTRKYVVLPPSPFECPKGYHRSVEGIGFGYDPIVNDYKVVRLSDVYWDPPTDYFGPREPKVDIYDLGIDSWRELDLEFPTIYYLPCSEMYYKEAIHWFIIAETVVILCFDISTETFRIMKMPGTCTLLDGPRYGLAVLNEHLTLICYPDPMCSIDPSEDFIDIWMMEKYGASESWIKISTIRPVPIPIESPLAIWKDHLLLLQTKGGFLISYDLNSDEVKEFNLNGHLESLRVIIYKETLTTISRISEHGTQVERF,S11-RNase,MLRSQLMSVFFILFFALSPVYGAFDQIQLVLTWPPTYCHEKHCNRIPRNFTIHGLWPDNQHVMLNNCAKTFQKITNVRKIKELDDRWPDLQKSKSEATRTQSFWQYNKHGTCCTERYDRQAYFDLAQNLKDKYDALQILKNHGIIPGKSYAVDKIEEAIRDATQAYPNLNCIGDPQKTMELKEIGICLNPDATKATACHRRRTCNPINNKEIDFPL
S11-SLF2,MMKKLPIDVVIYVLLKFPVKSLMRFKCISKALYILILNNTFVKLHLNRITSTKDELILFIRTFREEPEQLKSIASFFSCDDNNDLHTLHPDLDVSDLTSSCCTIFNELIGPCHGLIALADSFIIIILNPSTRKYVVLPPSPFECPKGYHRSVEGIGFGYDPIVNDYKVVRLSDVYWDPPTDYFGPREPKVDIYDLGIDSWRELDLEFPTIYYLPCSEMYYKEAIHWFIIAETVVILCFDISTETFRIMKMPGTCTLLDGPRYGLAVLNEHLTLICYPDPMCSIDPSEDFIDIWMMEKYGASESWIKISTIRPVPIPIESPLAIWKDHLLLLQTKGGFLISYDLNSDEVKEFNLNGHLESLRVIIYKETLTTISRISEHGTQVERF,S7-RNase,MFRSQLMSAFFILFLAQAPVYGVFDQIQLVLTWPPSFCHTKPCKRTPRNFTIHGLWPDDQHVLLNDCDKTYTTISDAREKKELDARWPDLRYTERDAIQLQSFWRYEYNKHGTCCSERYDQEAYFNLAKNLKDKFHLLQILRIQGIIPGKTYPVDKIEEAVKAVTHEYPNLECVGDPYKTLELKEIGICLNPEATKVTPCHRRKTCKPLNKKEISFPQ
S11-SLF2,MMKKLPIDVVIYVLLKFPVKSLMRFKCISKALYILILNNTFVKLHLNRITSTKDELILFIRTFREEPEQLKSIASFFSCDDNNDLHTLHPDLDVSDLTSSCCTIFNELIGPCHGLIALADSFIIIILNPSTRKYVVLPPSPFECPKGYHRSVEGIGFGYDPIVNDYKVVRLSDVYWDPPTDYFGPREPKVDIYDLGIDSWRELDLEFPTIYYLPCSEMYYKEAIHWFIIAETVVILCFDISTETFRIMKMPGTCTLLDGPRYGLAVLNEHLTLICYPDPMCSIDPSEDFIDIWMMEKYGASESWIKISTIRPVPIPIESPLAIWKDHLLLLQTKGGFLISYDLNSDEVKEFNLNGHLESLRVIIYKETLTTISRISEHGTQVERF,S17-RNase,MFKSQLTSAHFILLFAISPIYGDFDYMQLVLTWPATFCYPKGFCQRIPPKNFTIHGLWPDKERQRLQFCAKDYKYVNFEGDIKSSLDHHWIQLRFNKEVGLKYQPLWHDQYKKHGTCCSNLYDQTAYFLLAMRLKNKFDLLGTLRTNGITPGRRYTFQRIHGAIKTVTQMDPDLKCVEHIKGVLELNEIGICFTPNAESPYHCPQSHSCEKRGYTGILFR
S11-SLF2,MMKKLPIDVVIYVLLKFPVKSLMRFKCISKALYILILNNTFVKLHLNRITSTKDELILFIRTFREEPEQLKSIASFFSCDDNNDLHTLHPDLDVSDLTSSCCTIFNELIGPCHGLIALADSFIIIILNPSTRKYVVLPPSPFECPKGYHRSVEGIGFGYDPIVNDYKVVRLSDVYWDPPTDYFGPREPKVDIYDLGIDSWRELDLEFPTIYYLPCSEMYYKEAIHWFIIAETVVILCFDISTETFRIMKMPGTCTLLDGPRYGLAVLNEHLTLICYPDPMCSIDPSEDFIDIWMMEKYGASESWIKISTIRPVPIPIESPLAIWKDHLLLLQTKGGFLISYDLNSDEVKEFNLNGHLESLRVIIYKETLTTISRISEHGTQVERF,S9-RNase,YGEFELLQLVLTWPASFCYANHCERIAPNNFTIHGLWPDNVTIRLQYCKPKPTYTTFAGKMLNDLDKHWIQLKYKEAYARREQPTWKYQYQKHGSCCQTKYKQIPYFSLALRLKDRFDLLTTLRTHHIVPGSSYTFDDIFDAVKTVTQMNPDLKCTEVTKGTQELDEIGICFTPKADKMFPCRQSDTCEKTRKILFRG
S11-SLF2,MMKKLPIDVVIYVLLKFPVKSLMRFKCISKALYILILNNTFVKLHLNRITSTKDELILFIRTFREEPEQLKSIASFFSCDDNNDLHTLHPDLDVSDLTSSCCTIFNELIGPCHGLIALADSFIIIILNPSTRKYVVLPPSPFECPKGYHRSVEGIGFGYDPIVNDYKVVRLSDVYWDPPTDYFGPREPKVDIYDLGIDSWRELDLEFPTIYYLPCSEMYYKEAIHWFIIAETVVILCFDISTETFRIMKMPGTCTLLDGPRYGLAVLNEHLTLICYPDPMCSIDPSEDFIDIWMMEKYGASESWIKISTIRPVPIPIESPLAIWKDHLLLLQTKGGFLISYDLNSDEVKEFNLNGHLESLRVIIYKETLTTISRISEHGTQVERF,S5-RNase,MFRSQLTSVIFVLFFSLPPIYGYFEYMQLVLTWPPAFCHIKRCRRTPNNFTIHGLWPDNYSTMLNFCTDDEFVKFTDDDKKDKLDKRWPDLITDEADCKGTQDFWKREYEKHGTCCLSSYNQEQYFELAMVLKDRFDLVKSFRNHGIIPGTAGHTVQKINNTVKAITQGFPNLACTGDPYKALELKEIGICFDRTGKNVINCPHPRTCKQTRTGEIKFP
S7-SLF5,MKMPHGIMKKLPEDVILCIFLRIPVKSLMRFKCVSKNYYTLLQSTTFINLHLNRTTTVKDEFILLKRSFKEDINQYKTIFSFLSGDGDHDYLNPIFSDFDVPNMTDTQSIIFDQLVGPCHGLIALMDDFTTIIFNPSTRIFRLLPPSPFDRPKGYHRSIKCLGFGFDSVVNDYKVVRISEFLKDDCYGYVQVEEENVEIYELGIDCWRELDHVNQQFPTIFWVPCSQIFYMGTFHWIAQRVILCFNMSTEIFHHIRMPDPCHNIRNHSLVILNESLTLICYRSVTPTSDPIEDLIEIWILKDYDVSESWVKKYTIRSLPIKIPLAIWKDNLLLFQNRSGYLMVYDLRTDNVKELNIHGCPESMRVTVYKENLTIIPSGSESSTPVHKF,S11-RNase,MLRSQLMSVFFILFFALSPVYGAFDQIQLVLTWPPTYCHEKHCNRIPRNFTIHGLWPDNQHVMLNNCAKTFQKITNVRKIKELDDRWPDLQKSKSEATRTQSFWQYNKHGTCCTERYDRQAYFDLAQNLKDKYDALQILKNHGIIPGKSYAVDKIEEAIRDATQAYPNLNCIGDPQKTMELKEIGICLNPDATKATACHRRRTCNPINNKEIDFPL
S7-SLF5,MKMPHGIMKKLPEDVILCIFLRIPVKSLMRFKCVSKNYYTLLQSTTFINLHLNRTTTVKDEFILLKRSFKEDINQYKTIFSFLSGDGDHDYLNPIFSDFDVPNMTDTQSIIFDQLVGPCHGLIALMDDFTTIIFNPSTRIFRLLPPSPFDRPKGYHRSIKCLGFGFDSVVNDYKVVRISEFLKDDCYGYVQVEEENVEIYELGIDCWRELDHVNQQFPTIFWVPCSQIFYMGTFHWIAQRVILCFNMSTEIFHHIRMPDPCHNIRNHSLVILNESLTLICYRSVTPTSDPIEDLIEIWILKDYDVSESWVKKYTIRSLPIKIPLAIWKDNLLLFQNRSGYLMVYDLRTDNVKELNIHGCPESMRVTVYKENLTIIPSGSESSTPVHKF,S7-RNase,MFRSQLMSAFFILFLAQAPVYGVFDQIQLVLTWPPSFCHTKPCKRTPRNFTIHGLWPDDQHVLLNDCDKTYTTISDAREKKELDARWPDLRYTERDAIQLQSFWRYEYNKHGTCCSERYDQEAYFNLAKNLKDKFHLLQILRIQGIIPGKTYPVDKIEEAVKAVTHEYPNLECVGDPYKTLELKEIGICLNPEATKVTPCHRRKTCKPLNKKEISFPQ
S7-SLF5,MKMPHGIMKKLPEDVILCIFLRIPVKSLMRFKCVSKNYYTLLQSTTFINLHLNRTTTVKDEFILLKRSFKEDINQYKTIFSFLSGDGDHDYLNPIFSDFDVPNMTDTQSIIFDQLVGPCHGLIALMDDFTTIIFNPSTRIFRLLPPSPFDRPKGYHRSIKCLGFGFDSVVNDYKVVRISEFLKDDCYGYVQVEEENVEIYELGIDCWRELDHVNQQFPTIFWVPCSQIFYMGTFHWIAQRVILCFNMSTEIFHHIRMPDPCHNIRNHSLVILNESLTLICYRSVTPTSDPIEDLIEIWILKDYDVSESWVKKYTIRSLPIKIPLAIWKDNLLLFQNRSGYLMVYDLRTDNVKELNIHGCPESMRVTVYKENLTIIPSGSESSTPVHKF,S17-RNase,MFKSQLTSAHFILLFAISPIYGDFDYMQLVLTWPATFCYPKGFCQRIPPKNFTIHGLWPDKERQRLQFCAKDYKYVNFEGDIKSSLDHHWIQLRFNKEVGLKYQPLWHDQYKKHGTCCSNLYDQTAYFLLAMRLKNKFDLLGTLRTNGITPGRRYTFQRIHGAIKTVTQMDPDLKCVEHIKGVLELNEIGICFTPNAESPYHCPQSHSCEKRGYTGILFR
S7-SLF5,MKMPHGIMKKLPEDVILCIFLRIPVKSLMRFKCVSKNYYTLLQSTTFINLHLNRTTTVKDEFILLKRSFKEDINQYKTIFSFLSGDGDHDYLNPIFSDFDVPNMTDTQSIIFDQLVGPCHGLIALMDDFTTIIFNPSTRIFRLLPPSPFDRPKGYHRSIKCLGFGFDSVVNDYKVVRISEFLKDDCYGYVQVEEENVEIYELGIDCWRELDHVNQQFPTIFWVPCSQIFYMGTFHWIAQRVILCFNMSTEIFHHIRMPDPCHNIRNHSLVILNESLTLICYRSVTPTSDPIEDLIEIWILKDYDVSESWVKKYTIRSLPIKIPLAIWKDNLLLFQNRSGYLMVYDLRTDNVKELNIHGCPESMRVTVYKENLTIIPSGSESSTPVHKF,S9-RNase,YGEFELLQLVLTWPASFCYANHCERIAPNNFTIHGLWPDNVTIRLQYCKPKPTYTTFAGKMLNDLDKHWIQLKYKEAYARREQPTWKYQYQKHGSCCQTKYKQIPYFSLALRLKDRFDLLTTLRTHHIVPGSSYTFDDIFDAVKTVTQMNPDLKCTEVTKGTQELDEIGICFTPKADKMFPCRQSDTCEKTRKILFRG
S7-SLF5,MKMPHGIMKKLPEDVILCIFLRIPVKSLMRFKCVSKNYYTLLQSTTFINLHLNRTTTVKDEFILLKRSFKEDINQYKTIFSFLSGDGDHDYLNPIFSDFDVPNMTDTQSIIFDQLVGPCHGLIALMDDFTTIIFNPSTRIFRLLPPSPFDRPKGYHRSIKCLGFGFDSVVNDYKVVRISEFLKDDCYGYVQVEEENVEIYELGIDCWRELDHVNQQFPTIFWVPCSQIFYMGTFHWIAQRVILCFNMSTEIFHHIRMPDPCHNIRNHSLVILNESLTLICYRSVTPTSDPIEDLIEIWILKDYDVSESWVKKYTIRSLPIKIPLAIWKDNLLLFQNRSGYLMVYDLRTDNVKELNIHGCPESMRVTVYKENLTIIPSGSESSTPVHKF,S5-RNase,MFRSQLTSVIFVLFFSLPPIYGYFEYMQLVLTWPPAFCHIKRCRRTPNNFTIHGLWPDNYSTMLNFCTDDEFVKFTDDDKKDKLDKRWPDLITDEADCKGTQDFWKREYEKHGTCCLSSYNQEQYFELAMVLKDRFDLVKSFRNHGIIPGTAGHTVQKINNTVKAITQGFPNLACTGDPYKALELKEIGICFDRTGKNVINCPHPRTCKQTRTGEIKFP
