SLF,SLF_Seq,SRnase,SRnase_Seq,label
S9-SLF1,MANGILKKLPEDLVFLILLTFPVKSLLRFKCISKAWSILIQSTTFIKRHINRKTNTKAEFILLKRSIKDEEEEFINILSFFSGHDDVLNPLFPDIDVSYMTSKCDCTFTPLIGPCDGLIALTDTIITIVLNPATRNFRVLPPSPFGCPKGYHRSVEGVGFGFDTISNYYKVVRISEVYCEEADGYPGPKDSKIDVCDLSTDSWRELDHVQLPSIYWVPCAGMLYKEMVHWFATTDTSMVILCFDMITEMFHDLKMPDTCSRITHELYYGLVILCESFTLIGYSNPISSIDPVEDKMHIWVMMEYGVSESWIMKYTIKPLSIESPLAVWKNHILLLQSRSGLLISYDLNSGKAKELNLHGFPDTLSVKVYKECLTSIPKGSEYSTKVQKF,S11-RNase,YGAFDQIQLVLTWPPTYCHEKHCNRIPRNFTIHGLWPDNQHVMLNNCAKTFQKITNVRKIKELDDRWPDLQKSKSEATRTQSFWQYNKHGTCCTERYDRQAYFDLAQNLKDKYDALQILKNHGIIPGKSYAVDKIEEAIRDATQAYPNLNCIGDPQKTMELKEIGICLNPDATKATACHRRRTCNPINNKEIDFPL,1
S9-SLF1,MANGILKKLPEDLVFLILLTFPVKSLLRFKCISKAWSILIQSTTFIKRHINRKTNTKAEFILLKRSIKDEEEEFINILSFFSGHDDVLNPLFPDIDVSYMTSKCDCTFTPLIGPCDGLIALTDTIITIVLNPATRNFRVLPPSPFGCPKGYHRSVEGVGFGFDTISNYYKVVRISEVYCEEADGYPGPKDSKIDVCDLSTDSWRELDHVQLPSIYWVPCAGMLYKEMVHWFATTDTSMVILCFDMITEMFHDLKMPDTCSRITHELYYGLVILCESFTLIGYSNPISSIDPVEDKMHIWVMMEYGVSESWIMKYTIKPLSIESPLAVWKNHILLLQSRSGLLISYDLNSGKAKELNLHGFPDTLSVKVYKECLTSIPKGSEYSTKVQKF,S7-RNase,YGVFDQIQLVLTWPPSFCHTKPCKRTPRNFTIHGLWPDDQHVLLNDCDKTYTTISDAREKKELDARWPDLRYTERDAIQLQSFWRYEYNKHGTCCSERYDQEAYFNLAKNLKDKFHLLQILRIQGIIPGKTYPVDKIEEAVKAVTHEYPNLECVGDPYKTLELKEIGICLNPEATKVTPCHRRKTCKPLNKKEISFPQ,1
S9-SLF1,MANGILKKLPEDLVFLILLTFPVKSLLRFKCISKAWSILIQSTTFIKRHINRKTNTKAEFILLKRSIKDEEEEFINILSFFSGHDDVLNPLFPDIDVSYMTSKCDCTFTPLIGPCDGLIALTDTIITIVLNPATRNFRVLPPSPFGCPKGYHRSVEGVGFGFDTISNYYKVVRISEVYCEEADGYPGPKDSKIDVCDLSTDSWRELDHVQLPSIYWVPCAGMLYKEMVHWFATTDTSMVILCFDMITEMFHDLKMPDTCSRITHELYYGLVILCESFTLIGYSNPISSIDPVEDKMHIWVMMEYGVSESWIMKYTIKPLSIESPLAVWKNHILLLQSRSGLLISYDLNSGKAKELNLHGFPDTLSVKVYKECLTSIPKGSEYSTKVQKF,S17-RNase,YGDFDYMQLVLTWPATFCYPKGFCQRIPPKNFTIHGLWPDKERQRLQFCAKDYKYVNFEGDIKSSLDHHWIQLRFNKEVGLKYQPLWHDQYKKHGTCCSNLYDQTAYFLLAMRLKNKFDLLGTLRTNGITPGRRYTFQRIHGAIKTVTQMDPDLKCVEHIKGVLELNEIGICFTPNAESPYHCPQSHSCEKRGYTGILFR,1
S9-SLF1,MANGILKKLPEDLVFLILLTFPVKSLLRFKCISKAWSILIQSTTFIKRHINRKTNTKAEFILLKRSIKDEEEEFINILSFFSGHDDVLNPLFPDIDVSYMTSKCDCTFTPLIGPCDGLIALTDTIITIVLNPATRNFRVLPPSPFGCPKGYHRSVEGVGFGFDTISNYYKVVRISEVYCEEADGYPGPKDSKIDVCDLSTDSWRELDHVQLPSIYWVPCAGMLYKEMVHWFATTDTSMVILCFDMITEMFHDLKMPDTCSRITHELYYGLVILCESFTLIGYSNPISSIDPVEDKMHIWVMMEYGVSESWIMKYTIKPLSIESPLAVWKNHILLLQSRSGLLISYDLNSGKAKELNLHGFPDTLSVKVYKECLTSIPKGSEYSTKVQKF,S1-RNase,YGNFEYLQLVLTWPASFCFRPKNICKRPAPKNFTIHGLWPEITGFRLEFCTGSPKYETFKDNNIVDYLERHWVQMKFDENYAKYHQPLWSYEYRKHGMCCSKIYNQKAYFLLATRLKEKFDLLTTLRTHGITPGTKHTFGDIQKAIKTVTNQVDPDLKCVEHIKGVQELNEIGICFNPAADNFYPCHHSYTCDETDSKMILFR,1
S9-SLF1,MANGILKKLPEDLVFLILLTFPVKSLLRFKCISKAWSILIQSTTFIKRHINRKTNTKAEFILLKRSIKDEEEEFINILSFFSGHDDVLNPLFPDIDVSYMTSKCDCTFTPLIGPCDGLIALTDTIITIVLNPATRNFRVLPPSPFGCPKGYHRSVEGVGFGFDTISNYYKVVRISEVYCEEADGYPGPKDSKIDVCDLSTDSWRELDHVQLPSIYWVPCAGMLYKEMVHWFATTDTSMVILCFDMITEMFHDLKMPDTCSRITHELYYGLVILCESFTLIGYSNPISSIDPVEDKMHIWVMMEYGVSESWIMKYTIKPLSIESPLAVWKNHILLLQSRSGLLISYDLNSGKAKELNLHGFPDTLSVKVYKECLTSIPKGSEYSTKVQKF,S3-RNase,SANFDYFQLVLTWPASFCYPKNKCQRRSNNFTIHGLWPEKKRFRLEFCTGDKYKRFLEEDNIINVLERHWIQMRFDETYANTKQPLWEHEYNRHGICCKNLYDQKAYFLLAMRLKDKLDLLTTLRTHGITPGTKHTFGEIQKAIKTVTSNNDPDLKCVENIKGVMELNEIGICYTPAADRFDRCRHSNTCDETSSTKILFRG,1
S9-SLF1,MANGILKKLPEDLVFLILLTFPVKSLLRFKCISKAWSILIQSTTFIKRHINRKTNTKAEFILLKRSIKDEEEEFINILSFFSGHDDVLNPLFPDIDVSYMTSKCDCTFTPLIGPCDGLIALTDTIITIVLNPATRNFRVLPPSPFGCPKGYHRSVEGVGFGFDTISNYYKVVRISEVYCEEADGYPGPKDSKIDVCDLSTDSWRELDHVQLPSIYWVPCAGMLYKEMVHWFATTDTSMVILCFDMITEMFHDLKMPDTCSRITHELYYGLVILCESFTLIGYSNPISSIDPVEDKMHIWVMMEYGVSESWIMKYTIKPLSIESPLAVWKNHILLLQSRSGLLISYDLNSGKAKELNLHGFPDTLSVKVYKECLTSIPKGSEYSTKVQKF,S9-RNase,YGEFELLQLVLTWPASFCYANHCERIAPNNFTIHGLWPDNVTIRLQYCKPKPTYTTFAGKMLNDLDKHWIQLKYKEAYARREQPTWKYQYQKHGSCCQTKYKQIPYFSLALRLKDRFDLLTTLRTHHIVPGSSYTFDDIFDAVKTVTQMNPDLKCTEVTKGTQELDEIGICFTPKADKMFPCRQSDTCEKTRKILFRG,0
S9-SLF1,MANGILKKLPEDLVFLILLTFPVKSLLRFKCISKAWSILIQSTTFIKRHINRKTNTKAEFILLKRSIKDEEEEFINILSFFSGHDDVLNPLFPDIDVSYMTSKCDCTFTPLIGPCDGLIALTDTIITIVLNPATRNFRVLPPSPFGCPKGYHRSVEGVGFGFDTISNYYKVVRISEVYCEEADGYPGPKDSKIDVCDLSTDSWRELDHVQLPSIYWVPCAGMLYKEMVHWFATTDTSMVILCFDMITEMFHDLKMPDTCSRITHELYYGLVILCESFTLIGYSNPISSIDPVEDKMHIWVMMEYGVSESWIMKYTIKPLSIESPLAVWKNHILLLQSRSGLLISYDLNSGKAKELNLHGFPDTLSVKVYKECLTSIPKGSEYSTKVQKF,S5-RNase,YGYFEYMQLVLTWPPAFCHIKRCRRTPNNFTIHGLWPDNYSTMLNFCTDDEFVKFTDDDKKDKLDKRWPDLITDEADCKGTQDFWKREYEKHGTCCLSSYNQEQYFELAMVLKDRFDLVKSFRNHGIIPGTAGHTVQKINNTVKAITQGFPNLACTGDPYKALELKEIGICFDRTGKNVINCPHPRTCKQTRTGEIKFP,1
S7-SLF1,MANGILKKLPEDLVFLILLTFPVKSLLRFKCISKAWSILIQSTTFINRHINRKTNTKAEFILFKRSIKDEEEEFINILSFFSGNDDVLNPLFPDIDVSYMTSKCDCTFTPLIGPCDGLIALTDTIITIVLNPATRNFRVLPPSPFGCPKGYHRSVEGVGFGFDTISYYYKVVRISEVYCEEADGYPGPKDSKIDVCDLSTDSWRELDHVQLPSIYWVPCAGMLYKEMVHWFATTDTSMVILCFDMSTEMFHDMKMPDTCSRITHELYYGLVILCESFTLIGYSNPISSIDPVEDKMHIWVMMEYGVSESWIMKYTIRPLSIESPLAVWKNHILLLQSRSGLLISYDLNSGEAKDLNLHGFPDSLSVKVYKECLTSIPKGSEYSTKVQKF,S11-RNase,YGAFDQIQLVLTWPPTYCHEKHCNRIPRNFTIHGLWPDNQHVMLNNCAKTFQKITNVRKIKELDDRWPDLQKSKSEATRTQSFWQYNKHGTCCTERYDRQAYFDLAQNLKDKYDALQILKNHGIIPGKSYAVDKIEEAIRDATQAYPNLNCIGDPQKTMELKEIGICLNPDATKATACHRRRTCNPINNKEIDFPL,1
S7-SLF1,MANGILKKLPEDLVFLILLTFPVKSLLRFKCISKAWSILIQSTTFINRHINRKTNTKAEFILFKRSIKDEEEEFINILSFFSGNDDVLNPLFPDIDVSYMTSKCDCTFTPLIGPCDGLIALTDTIITIVLNPATRNFRVLPPSPFGCPKGYHRSVEGVGFGFDTISYYYKVVRISEVYCEEADGYPGPKDSKIDVCDLSTDSWRELDHVQLPSIYWVPCAGMLYKEMVHWFATTDTSMVILCFDMSTEMFHDMKMPDTCSRITHELYYGLVILCESFTLIGYSNPISSIDPVEDKMHIWVMMEYGVSESWIMKYTIRPLSIESPLAVWKNHILLLQSRSGLLISYDLNSGEAKDLNLHGFPDSLSVKVYKECLTSIPKGSEYSTKVQKF,S7-RNase,YGVFDQIQLVLTWPPSFCHTKPCKRTPRNFTIHGLWPDDQHVLLNDCDKTYTTISDAREKKELDARWPDLRYTERDAIQLQSFWRYEYNKHGTCCSERYDQEAYFNLAKNLKDKFHLLQILRIQGIIPGKTYPVDKIEEAVKAVTHEYPNLECVGDPYKTLELKEIGICLNPEATKVTPCHRRKTCKPLNKKEISFPQ,0
S7-SLF1,MANGILKKLPEDLVFLILLTFPVKSLLRFKCISKAWSILIQSTTFINRHINRKTNTKAEFILFKRSIKDEEEEFINILSFFSGNDDVLNPLFPDIDVSYMTSKCDCTFTPLIGPCDGLIALTDTIITIVLNPATRNFRVLPPSPFGCPKGYHRSVEGVGFGFDTISYYYKVVRISEVYCEEADGYPGPKDSKIDVCDLSTDSWRELDHVQLPSIYWVPCAGMLYKEMVHWFATTDTSMVILCFDMSTEMFHDMKMPDTCSRITHELYYGLVILCESFTLIGYSNPISSIDPVEDKMHIWVMMEYGVSESWIMKYTIRPLSIESPLAVWKNHILLLQSRSGLLISYDLNSGEAKDLNLHGFPDSLSVKVYKECLTSIPKGSEYSTKVQKF,S17-RNase,YGDFDYMQLVLTWPATFCYPKGFCQRIPPKNFTIHGLWPDKERQRLQFCAKDYKYVNFEGDIKSSLDHHWIQLRFNKEVGLKYQPLWHDQYKKHGTCCSNLYDQTAYFLLAMRLKNKFDLLGTLRTNGITPGRRYTFQRIHGAIKTVTQMDPDLKCVEHIKGVLELNEIGICFTPNAESPYHCPQSHSCEKRGYTGILFR,1
S7-SLF1,MANGILKKLPEDLVFLILLTFPVKSLLRFKCISKAWSILIQSTTFINRHINRKTNTKAEFILFKRSIKDEEEEFINILSFFSGNDDVLNPLFPDIDVSYMTSKCDCTFTPLIGPCDGLIALTDTIITIVLNPATRNFRVLPPSPFGCPKGYHRSVEGVGFGFDTISYYYKVVRISEVYCEEADGYPGPKDSKIDVCDLSTDSWRELDHVQLPSIYWVPCAGMLYKEMVHWFATTDTSMVILCFDMSTEMFHDMKMPDTCSRITHELYYGLVILCESFTLIGYSNPISSIDPVEDKMHIWVMMEYGVSESWIMKYTIRPLSIESPLAVWKNHILLLQSRSGLLISYDLNSGEAKDLNLHGFPDSLSVKVYKECLTSIPKGSEYSTKVQKF,S1-RNase,YGNFEYLQLVLTWPASFCFRPKNICKRPAPKNFTIHGLWPEITGFRLEFCTGSPKYETFKDNNIVDYLERHWVQMKFDENYAKYHQPLWSYEYRKHGMCCSKIYNQKAYFLLATRLKEKFDLLTTLRTHGITPGTKHTFGDIQKAIKTVTNQVDPDLKCVEHIKGVQELNEIGICFNPAADNFYPCHHSYTCDETDSKMILFR,1
S7-SLF1,MANGILKKLPEDLVFLILLTFPVKSLLRFKCISKAWSILIQSTTFINRHINRKTNTKAEFILFKRSIKDEEEEFINILSFFSGNDDVLNPLFPDIDVSYMTSKCDCTFTPLIGPCDGLIALTDTIITIVLNPATRNFRVLPPSPFGCPKGYHRSVEGVGFGFDTISYYYKVVRISEVYCEEADGYPGPKDSKIDVCDLSTDSWRELDHVQLPSIYWVPCAGMLYKEMVHWFATTDTSMVILCFDMSTEMFHDMKMPDTCSRITHELYYGLVILCESFTLIGYSNPISSIDPVEDKMHIWVMMEYGVSESWIMKYTIRPLSIESPLAVWKNHILLLQSRSGLLISYDLNSGEAKDLNLHGFPDSLSVKVYKECLTSIPKGSEYSTKVQKF,S3-RNase,SANFDYFQLVLTWPASFCYPKNKCQRRSNNFTIHGLWPEKKRFRLEFCTGDKYKRFLEEDNIINVLERHWIQMRFDETYANTKQPLWEHEYNRHGICCKNLYDQKAYFLLAMRLKDKLDLLTTLRTHGITPGTKHTFGEIQKAIKTVTSNNDPDLKCVENIKGVMELNEIGICYTPAADRFDRCRHSNTCDETSSTKILFRG,1
S7-SLF1,MANGILKKLPEDLVFLILLTFPVKSLLRFKCISKAWSILIQSTTFINRHINRKTNTKAEFILFKRSIKDEEEEFINILSFFSGNDDVLNPLFPDIDVSYMTSKCDCTFTPLIGPCDGLIALTDTIITIVLNPATRNFRVLPPSPFGCPKGYHRSVEGVGFGFDTISYYYKVVRISEVYCEEADGYPGPKDSKIDVCDLSTDSWRELDHVQLPSIYWVPCAGMLYKEMVHWFATTDTSMVILCFDMSTEMFHDMKMPDTCSRITHELYYGLVILCESFTLIGYSNPISSIDPVEDKMHIWVMMEYGVSESWIMKYTIRPLSIESPLAVWKNHILLLQSRSGLLISYDLNSGEAKDLNLHGFPDSLSVKVYKECLTSIPKGSEYSTKVQKF,S9-RNase,YGEFELLQLVLTWPASFCYANHCERIAPNNFTIHGLWPDNVTIRLQYCKPKPTYTTFAGKMLNDLDKHWIQLKYKEAYARREQPTWKYQYQKHGSCCQTKYKQIPYFSLALRLKDRFDLLTTLRTHHIVPGSSYTFDDIFDAVKTVTQMNPDLKCTEVTKGTQELDEIGICFTPKADKMFPCRQSDTCEKTRKILFRG,1
S7-SLF1,MANGILKKLPEDLVFLILLTFPVKSLLRFKCISKAWSILIQSTTFINRHINRKTNTKAEFILFKRSIKDEEEEFINILSFFSGNDDVLNPLFPDIDVSYMTSKCDCTFTPLIGPCDGLIALTDTIITIVLNPATRNFRVLPPSPFGCPKGYHRSVEGVGFGFDTISYYYKVVRISEVYCEEADGYPGPKDSKIDVCDLSTDSWRELDHVQLPSIYWVPCAGMLYKEMVHWFATTDTSMVILCFDMSTEMFHDMKMPDTCSRITHELYYGLVILCESFTLIGYSNPISSIDPVEDKMHIWVMMEYGVSESWIMKYTIRPLSIESPLAVWKNHILLLQSRSGLLISYDLNSGEAKDLNLHGFPDSLSVKVYKECLTSIPKGSEYSTKVQKF,S5-RNase,YGYFEYMQLVLTWPPAFCHIKRCRRTPNNFTIHGLWPDNYSTMLNFCTDDEFVKFTDDDKKDKLDKRWPDLITDEADCKGTQDFWKREYEKHGTCCLSSYNQEQYFELAMVLKDRFDLVKSFRNHGIIPGTAGHTVQKINNTVKAITQGFPNLACTGDPYKALELKEIGICFDRTGKNVINCPHPRTCKQTRTGEIKFP,1
S5-SLF1,MANGILKKLPEDLVFLILLTFPVKSLLRLKCISKAWSILIQSTTFINRHINRKTNTKAEFILFKRSIKDEEEEFINILSFFSGHDDVLNPLFPDIDVSYMTSKCDCSFNPLIGPCDGLIALTDTIITIVLNPATRNFRVLPPSPFGCPKGYHRSVEGVGFGFDTISNYYKVVRISEVYCEEADGYPGPKDSKIDVCDLSTDSWRELDHVQLPSIYWVPCAGMLYKEMVHWFATTDTSMVILCFDMSTEMFHDMKMPDTCSRITHELYYGLVVLCESFTLIGYSNPISSIDPVEDKMHIWVMMEYGVSESWIMKYTIRPLSIESPLAVWKNHILLLQSRSGLLISYDLNSGEAKELNLHGFPDTLSVKVYKECLTSIPKGSEYSTKVQKF,S11-RNase,YGAFDQIQLVLTWPPTYCHEKHCNRIPRNFTIHGLWPDNQHVMLNNCAKTFQKITNVRKIKELDDRWPDLQKSKSEATRTQSFWQYNKHGTCCTERYDRQAYFDLAQNLKDKYDALQILKNHGIIPGKSYAVDKIEEAIRDATQAYPNLNCIGDPQKTMELKEIGICLNPDATKATACHRRRTCNPINNKEIDFPL,1
S5-SLF1,MANGILKKLPEDLVFLILLTFPVKSLLRLKCISKAWSILIQSTTFINRHINRKTNTKAEFILFKRSIKDEEEEFINILSFFSGHDDVLNPLFPDIDVSYMTSKCDCSFNPLIGPCDGLIALTDTIITIVLNPATRNFRVLPPSPFGCPKGYHRSVEGVGFGFDTISNYYKVVRISEVYCEEADGYPGPKDSKIDVCDLSTDSWRELDHVQLPSIYWVPCAGMLYKEMVHWFATTDTSMVILCFDMSTEMFHDMKMPDTCSRITHELYYGLVVLCESFTLIGYSNPISSIDPVEDKMHIWVMMEYGVSESWIMKYTIRPLSIESPLAVWKNHILLLQSRSGLLISYDLNSGEAKELNLHGFPDTLSVKVYKECLTSIPKGSEYSTKVQKF,S7-RNase,YGVFDQIQLVLTWPPSFCHTKPCKRTPRNFTIHGLWPDDQHVLLNDCDKTYTTISDAREKKELDARWPDLRYTERDAIQLQSFWRYEYNKHGTCCSERYDQEAYFNLAKNLKDKFHLLQILRIQGIIPGKTYPVDKIEEAVKAVTHEYPNLECVGDPYKTLELKEIGICLNPEATKVTPCHRRKTCKPLNKKEISFPQ,1
S5-SLF1,MANGILKKLPEDLVFLILLTFPVKSLLRLKCISKAWSILIQSTTFINRHINRKTNTKAEFILFKRSIKDEEEEFINILSFFSGHDDVLNPLFPDIDVSYMTSKCDCSFNPLIGPCDGLIALTDTIITIVLNPATRNFRVLPPSPFGCPKGYHRSVEGVGFGFDTISNYYKVVRISEVYCEEADGYPGPKDSKIDVCDLSTDSWRELDHVQLPSIYWVPCAGMLYKEMVHWFATTDTSMVILCFDMSTEMFHDMKMPDTCSRITHELYYGLVVLCESFTLIGYSNPISSIDPVEDKMHIWVMMEYGVSESWIMKYTIRPLSIESPLAVWKNHILLLQSRSGLLISYDLNSGEAKELNLHGFPDTLSVKVYKECLTSIPKGSEYSTKVQKF,S17-RNase,YGDFDYMQLVLTWPATFCYPKGFCQRIPPKNFTIHGLWPDKERQRLQFCAKDYKYVNFEGDIKSSLDHHWIQLRFNKEVGLKYQPLWHDQYKKHGTCCSNLYDQTAYFLLAMRLKNKFDLLGTLRTNGITPGRRYTFQRIHGAIKTVTQMDPDLKCVEHIKGVLELNEIGICFTPNAESPYHCPQSHSCEKRGYTGILFR,1
S5-SLF1,MANGILKKLPEDLVFLILLTFPVKSLLRLKCISKAWSILIQSTTFINRHINRKTNTKAEFILFKRSIKDEEEEFINILSFFSGHDDVLNPLFPDIDVSYMTSKCDCSFNPLIGPCDGLIALTDTIITIVLNPATRNFRVLPPSPFGCPKGYHRSVEGVGFGFDTISNYYKVVRISEVYCEEADGYPGPKDSKIDVCDLSTDSWRELDHVQLPSIYWVPCAGMLYKEMVHWFATTDTSMVILCFDMSTEMFHDMKMPDTCSRITHELYYGLVVLCESFTLIGYSNPISSIDPVEDKMHIWVMMEYGVSESWIMKYTIRPLSIESPLAVWKNHILLLQSRSGLLISYDLNSGEAKELNLHGFPDTLSVKVYKECLTSIPKGSEYSTKVQKF,S1-RNase,YGNFEYLQLVLTWPASFCFRPKNICKRPAPKNFTIHGLWPEITGFRLEFCTGSPKYETFKDNNIVDYLERHWVQMKFDENYAKYHQPLWSYEYRKHGMCCSKIYNQKAYFLLATRLKEKFDLLTTLRTHGITPGTKHTFGDIQKAIKTVTNQVDPDLKCVEHIKGVQELNEIGICFNPAADNFYPCHHSYTCDETDSKMILFR,1
S5-SLF1,MANGILKKLPEDLVFLILLTFPVKSLLRLKCISKAWSILIQSTTFINRHINRKTNTKAEFILFKRSIKDEEEEFINILSFFSGHDDVLNPLFPDIDVSYMTSKCDCSFNPLIGPCDGLIALTDTIITIVLNPATRNFRVLPPSPFGCPKGYHRSVEGVGFGFDTISNYYKVVRISEVYCEEADGYPGPKDSKIDVCDLSTDSWRELDHVQLPSIYWVPCAGMLYKEMVHWFATTDTSMVILCFDMSTEMFHDMKMPDTCSRITHELYYGLVVLCESFTLIGYSNPISSIDPVEDKMHIWVMMEYGVSESWIMKYTIRPLSIESPLAVWKNHILLLQSRSGLLISYDLNSGEAKELNLHGFPDTLSVKVYKECLTSIPKGSEYSTKVQKF,S3-RNase,SANFDYFQLVLTWPASFCYPKNKCQRRSNNFTIHGLWPEKKRFRLEFCTGDKYKRFLEEDNIINVLERHWIQMRFDETYANTKQPLWEHEYNRHGICCKNLYDQKAYFLLAMRLKDKLDLLTTLRTHGITPGTKHTFGEIQKAIKTVTSNNDPDLKCVENIKGVMELNEIGICYTPAADRFDRCRHSNTCDETSSTKILFRG,1
S5-SLF1,MANGILKKLPEDLVFLILLTFPVKSLLRLKCISKAWSILIQSTTFINRHINRKTNTKAEFILFKRSIKDEEEEFINILSFFSGHDDVLNPLFPDIDVSYMTSKCDCSFNPLIGPCDGLIALTDTIITIVLNPATRNFRVLPPSPFGCPKGYHRSVEGVGFGFDTISNYYKVVRISEVYCEEADGYPGPKDSKIDVCDLSTDSWRELDHVQLPSIYWVPCAGMLYKEMVHWFATTDTSMVILCFDMSTEMFHDMKMPDTCSRITHELYYGLVVLCESFTLIGYSNPISSIDPVEDKMHIWVMMEYGVSESWIMKYTIRPLSIESPLAVWKNHILLLQSRSGLLISYDLNSGEAKELNLHGFPDTLSVKVYKECLTSIPKGSEYSTKVQKF,S9-RNase,YGEFELLQLVLTWPASFCYANHCERIAPNNFTIHGLWPDNVTIRLQYCKPKPTYTTFAGKMLNDLDKHWIQLKYKEAYARREQPTWKYQYQKHGSCCQTKYKQIPYFSLALRLKDRFDLLTTLRTHHIVPGSSYTFDDIFDAVKTVTQMNPDLKCTEVTKGTQELDEIGICFTPKADKMFPCRQSDTCEKTRKILFRG,1
S5-SLF1,MANGILKKLPEDLVFLILLTFPVKSLLRLKCISKAWSILIQSTTFINRHINRKTNTKAEFILFKRSIKDEEEEFINILSFFSGHDDVLNPLFPDIDVSYMTSKCDCSFNPLIGPCDGLIALTDTIITIVLNPATRNFRVLPPSPFGCPKGYHRSVEGVGFGFDTISNYYKVVRISEVYCEEADGYPGPKDSKIDVCDLSTDSWRELDHVQLPSIYWVPCAGMLYKEMVHWFATTDTSMVILCFDMSTEMFHDMKMPDTCSRITHELYYGLVVLCESFTLIGYSNPISSIDPVEDKMHIWVMMEYGVSESWIMKYTIRPLSIESPLAVWKNHILLLQSRSGLLISYDLNSGEAKELNLHGFPDTLSVKVYKECLTSIPKGSEYSTKVQKF,S5-RNase,YGYFEYMQLVLTWPPAFCHIKRCRRTPNNFTIHGLWPDNYSTMLNFCTDDEFVKFTDDDKKDKLDKRWPDLITDEADCKGTQDFWKREYEKHGTCCLSSYNQEQYFELAMVLKDRFDLVKSFRNHGIIPGTAGHTVQKINNTVKAITQGFPNLACTGDPYKALELKEIGICFDRTGKNVINCPHPRTCKQTRTGEIKFP,0
S11-SLF1,MANGILKKLPEDLLFLILLTFPVKSLMRFKCISKAWSILIQSTTFINCHANRKTNTKDEFILFKRAIKDEEEEFINILSFFSGHNDVLNPLFPDIDVSYMTSKCDCAFNPLIGPCDGLIALTDSIITIILNPATRNFRVLPPSPFGCPKGYHRSVEGVGFGLDTISNYYKVVRISEVYCEEADGYPGPKDSKIDVCDLSTDSWRELDHVQLPSIYWVPCSGMLYKEMVHWFATTDIMVILCFDMSTEMFHTMKMPDTCSRITHELYYGLVILCESFTLIGYSNPISSIDPVKDKMHIWVMIEYGVSESWIMRYTIKPLSIESPLAVWKNHILLLQSRSGLLISYDLHSGDAKELSLHGFPDSLSVKVYKECLTSIPEGGEYSTKVQKF,S11-RNase,YGAFDQIQLVLTWPPTYCHEKHCNRIPRNFTIHGLWPDNQHVMLNNCAKTFQKITNVRKIKELDDRWPDLQKSKSEATRTQSFWQYNKHGTCCTERYDRQAYFDLAQNLKDKYDALQILKNHGIIPGKSYAVDKIEEAIRDATQAYPNLNCIGDPQKTMELKEIGICLNPDATKATACHRRRTCNPINNKEIDFPL,0
S11-SLF1,MANGILKKLPEDLLFLILLTFPVKSLMRFKCISKAWSILIQSTTFINCHANRKTNTKDEFILFKRAIKDEEEEFINILSFFSGHNDVLNPLFPDIDVSYMTSKCDCAFNPLIGPCDGLIALTDSIITIILNPATRNFRVLPPSPFGCPKGYHRSVEGVGFGLDTISNYYKVVRISEVYCEEADGYPGPKDSKIDVCDLSTDSWRELDHVQLPSIYWVPCSGMLYKEMVHWFATTDIMVILCFDMSTEMFHTMKMPDTCSRITHELYYGLVILCESFTLIGYSNPISSIDPVKDKMHIWVMIEYGVSESWIMRYTIKPLSIESPLAVWKNHILLLQSRSGLLISYDLHSGDAKELSLHGFPDSLSVKVYKECLTSIPEGGEYSTKVQKF,S7-RNase,YGVFDQIQLVLTWPPSFCHTKPCKRTPRNFTIHGLWPDDQHVLLNDCDKTYTTISDAREKKELDARWPDLRYTERDAIQLQSFWRYEYNKHGTCCSERYDQEAYFNLAKNLKDKFHLLQILRIQGIIPGKTYPVDKIEEAVKAVTHEYPNLECVGDPYKTLELKEIGICLNPEATKVTPCHRRKTCKPLNKKEISFPQ,1
S11-SLF1,MANGILKKLPEDLLFLILLTFPVKSLMRFKCISKAWSILIQSTTFINCHANRKTNTKDEFILFKRAIKDEEEEFINILSFFSGHNDVLNPLFPDIDVSYMTSKCDCAFNPLIGPCDGLIALTDSIITIILNPATRNFRVLPPSPFGCPKGYHRSVEGVGFGLDTISNYYKVVRISEVYCEEADGYPGPKDSKIDVCDLSTDSWRELDHVQLPSIYWVPCSGMLYKEMVHWFATTDIMVILCFDMSTEMFHTMKMPDTCSRITHELYYGLVILCESFTLIGYSNPISSIDPVKDKMHIWVMIEYGVSESWIMRYTIKPLSIESPLAVWKNHILLLQSRSGLLISYDLHSGDAKELSLHGFPDSLSVKVYKECLTSIPEGGEYSTKVQKF,S17-RNase,YGDFDYMQLVLTWPATFCYPKGFCQRIPPKNFTIHGLWPDKERQRLQFCAKDYKYVNFEGDIKSSLDHHWIQLRFNKEVGLKYQPLWHDQYKKHGTCCSNLYDQTAYFLLAMRLKNKFDLLGTLRTNGITPGRRYTFQRIHGAIKTVTQMDPDLKCVEHIKGVLELNEIGICFTPNAESPYHCPQSHSCEKRGYTGILFR,1
S11-SLF1,MANGILKKLPEDLLFLILLTFPVKSLMRFKCISKAWSILIQSTTFINCHANRKTNTKDEFILFKRAIKDEEEEFINILSFFSGHNDVLNPLFPDIDVSYMTSKCDCAFNPLIGPCDGLIALTDSIITIILNPATRNFRVLPPSPFGCPKGYHRSVEGVGFGLDTISNYYKVVRISEVYCEEADGYPGPKDSKIDVCDLSTDSWRELDHVQLPSIYWVPCSGMLYKEMVHWFATTDIMVILCFDMSTEMFHTMKMPDTCSRITHELYYGLVILCESFTLIGYSNPISSIDPVKDKMHIWVMIEYGVSESWIMRYTIKPLSIESPLAVWKNHILLLQSRSGLLISYDLHSGDAKELSLHGFPDSLSVKVYKECLTSIPEGGEYSTKVQKF,S1-RNase,YGNFEYLQLVLTWPASFCFRPKNICKRPAPKNFTIHGLWPEITGFRLEFCTGSPKYETFKDNNIVDYLERHWVQMKFDENYAKYHQPLWSYEYRKHGMCCSKIYNQKAYFLLATRLKEKFDLLTTLRTHGITPGTKHTFGDIQKAIKTVTNQVDPDLKCVEHIKGVQELNEIGICFNPAADNFYPCHHSYTCDETDSKMILFR,1
S11-SLF1,MANGILKKLPEDLLFLILLTFPVKSLMRFKCISKAWSILIQSTTFINCHANRKTNTKDEFILFKRAIKDEEEEFINILSFFSGHNDVLNPLFPDIDVSYMTSKCDCAFNPLIGPCDGLIALTDSIITIILNPATRNFRVLPPSPFGCPKGYHRSVEGVGFGLDTISNYYKVVRISEVYCEEADGYPGPKDSKIDVCDLSTDSWRELDHVQLPSIYWVPCSGMLYKEMVHWFATTDIMVILCFDMSTEMFHTMKMPDTCSRITHELYYGLVILCESFTLIGYSNPISSIDPVKDKMHIWVMIEYGVSESWIMRYTIKPLSIESPLAVWKNHILLLQSRSGLLISYDLHSGDAKELSLHGFPDSLSVKVYKECLTSIPEGGEYSTKVQKF,S3-RNase,SANFDYFQLVLTWPASFCYPKNKCQRRSNNFTIHGLWPEKKRFRLEFCTGDKYKRFLEEDNIINVLERHWIQMRFDETYANTKQPLWEHEYNRHGICCKNLYDQKAYFLLAMRLKDKLDLLTTLRTHGITPGTKHTFGEIQKAIKTVTSNNDPDLKCVENIKGVMELNEIGICYTPAADRFDRCRHSNTCDETSSTKILFRG,1
S11-SLF1,MANGILKKLPEDLLFLILLTFPVKSLMRFKCISKAWSILIQSTTFINCHANRKTNTKDEFILFKRAIKDEEEEFINILSFFSGHNDVLNPLFPDIDVSYMTSKCDCAFNPLIGPCDGLIALTDSIITIILNPATRNFRVLPPSPFGCPKGYHRSVEGVGFGLDTISNYYKVVRISEVYCEEADGYPGPKDSKIDVCDLSTDSWRELDHVQLPSIYWVPCSGMLYKEMVHWFATTDIMVILCFDMSTEMFHTMKMPDTCSRITHELYYGLVILCESFTLIGYSNPISSIDPVKDKMHIWVMIEYGVSESWIMRYTIKPLSIESPLAVWKNHILLLQSRSGLLISYDLHSGDAKELSLHGFPDSLSVKVYKECLTSIPEGGEYSTKVQKF,S9-RNase,YGEFELLQLVLTWPASFCYANHCERIAPNNFTIHGLWPDNVTIRLQYCKPKPTYTTFAGKMLNDLDKHWIQLKYKEAYARREQPTWKYQYQKHGSCCQTKYKQIPYFSLALRLKDRFDLLTTLRTHHIVPGSSYTFDDIFDAVKTVTQMNPDLKCTEVTKGTQELDEIGICFTPKADKMFPCRQSDTCEKTRKILFRG,1
S11-SLF1,MANGILKKLPEDLLFLILLTFPVKSLMRFKCISKAWSILIQSTTFINCHANRKTNTKDEFILFKRAIKDEEEEFINILSFFSGHNDVLNPLFPDIDVSYMTSKCDCAFNPLIGPCDGLIALTDSIITIILNPATRNFRVLPPSPFGCPKGYHRSVEGVGFGLDTISNYYKVVRISEVYCEEADGYPGPKDSKIDVCDLSTDSWRELDHVQLPSIYWVPCSGMLYKEMVHWFATTDIMVILCFDMSTEMFHTMKMPDTCSRITHELYYGLVILCESFTLIGYSNPISSIDPVKDKMHIWVMIEYGVSESWIMRYTIKPLSIESPLAVWKNHILLLQSRSGLLISYDLHSGDAKELSLHGFPDSLSVKVYKECLTSIPEGGEYSTKVQKF,S5-RNase,YGYFEYMQLVLTWPPAFCHIKRCRRTPNNFTIHGLWPDNYSTMLNFCTDDEFVKFTDDDKKDKLDKRWPDLITDEADCKGTQDFWKREYEKHGTCCLSSYNQEQYFELAMVLKDRFDLVKSFRNHGIIPGTAGHTVQKINNTVKAITQGFPNLACTGDPYKALELKEIGICFDRTGKNVINCPHPRTCKQTRTGEIKFP,1
S0-SLF1,mangilkklpedlvflilltfpvkslmrfkciskawsiliqsttfinrhinrktntkaefilfkrsikdeeeefinilsflsghddvlnplfpdidvsymtskcdctftpligpcdglialtdtiitivlnpatrnfrvlppspfgcpkgyhrsvegvgfgfdtisnyykvvrisevyceeadgypgpkdskidvcdlstdswreldhiqlpsiywvpcagmlykemvhwfattdtsmvilcfdmstemfhdlkmpdtcsrithelyyglvilcesftligysnpissidpvedkmhiwvmmeygvseswimkytirplsiesplavwknhilllqsrsgllisydlnsgeakelnlhgfpdtlsvkvykecltsipkgseystkvqkf,S11-RNase,YGAFDQIQLVLTWPPTYCHEKHCNRIPRNFTIHGLWPDNQHVMLNNCAKTFQKITNVRKIKELDDRWPDLQKSKSEATRTQSFWQYNKHGTCCTERYDRQAYFDLAQNLKDKYDALQILKNHGIIPGKSYAVDKIEEAIRDATQAYPNLNCIGDPQKTMELKEIGICLNPDATKATACHRRRTCNPINNKEIDFPL,1
S0-SLF1,mangilkklpedlvflilltfpvkslmrfkciskawsiliqsttfinrhinrktntkaefilfkrsikdeeeefinilsflsghddvlnplfpdidvsymtskcdctftpligpcdglialtdtiitivlnpatrnfrvlppspfgcpkgyhrsvegvgfgfdtisnyykvvrisevyceeadgypgpkdskidvcdlstdswreldhiqlpsiywvpcagmlykemvhwfattdtsmvilcfdmstemfhdlkmpdtcsrithelyyglvilcesftligysnpissidpvedkmhiwvmmeygvseswimkytirplsiesplavwknhilllqsrsgllisydlnsgeakelnlhgfpdtlsvkvykecltsipkgseystkvqkf,S7-RNase,YGVFDQIQLVLTWPPSFCHTKPCKRTPRNFTIHGLWPDDQHVLLNDCDKTYTTISDAREKKELDARWPDLRYTERDAIQLQSFWRYEYNKHGTCCSERYDQEAYFNLAKNLKDKFHLLQILRIQGIIPGKTYPVDKIEEAVKAVTHEYPNLECVGDPYKTLELKEIGICLNPEATKVTPCHRRKTCKPLNKKEISFPQ,1
S0-SLF1,mangilkklpedlvflilltfpvkslmrfkciskawsiliqsttfinrhinrktntkaefilfkrsikdeeeefinilsflsghddvlnplfpdidvsymtskcdctftpligpcdglialtdtiitivlnpatrnfrvlppspfgcpkgyhrsvegvgfgfdtisnyykvvrisevyceeadgypgpkdskidvcdlstdswreldhiqlpsiywvpcagmlykemvhwfattdtsmvilcfdmstemfhdlkmpdtcsrithelyyglvilcesftligysnpissidpvedkmhiwvmmeygvseswimkytirplsiesplavwknhilllqsrsgllisydlnsgeakelnlhgfpdtlsvkvykecltsipkgseystkvqkf,S17-RNase,YGDFDYMQLVLTWPATFCYPKGFCQRIPPKNFTIHGLWPDKERQRLQFCAKDYKYVNFEGDIKSSLDHHWIQLRFNKEVGLKYQPLWHDQYKKHGTCCSNLYDQTAYFLLAMRLKNKFDLLGTLRTNGITPGRRYTFQRIHGAIKTVTQMDPDLKCVEHIKGVLELNEIGICFTPNAESPYHCPQSHSCEKRGYTGILFR,1
S0-SLF1,mangilkklpedlvflilltfpvkslmrfkciskawsiliqsttfinrhinrktntkaefilfkrsikdeeeefinilsflsghddvlnplfpdidvsymtskcdctftpligpcdglialtdtiitivlnpatrnfrvlppspfgcpkgyhrsvegvgfgfdtisnyykvvrisevyceeadgypgpkdskidvcdlstdswreldhiqlpsiywvpcagmlykemvhwfattdtsmvilcfdmstemfhdlkmpdtcsrithelyyglvilcesftligysnpissidpvedkmhiwvmmeygvseswimkytirplsiesplavwknhilllqsrsgllisydlnsgeakelnlhgfpdtlsvkvykecltsipkgseystkvqkf,S1-RNase,YGNFEYLQLVLTWPASFCFRPKNICKRPAPKNFTIHGLWPEITGFRLEFCTGSPKYETFKDNNIVDYLERHWVQMKFDENYAKYHQPLWSYEYRKHGMCCSKIYNQKAYFLLATRLKEKFDLLTTLRTHGITPGTKHTFGDIQKAIKTVTNQVDPDLKCVEHIKGVQELNEIGICFNPAADNFYPCHHSYTCDETDSKMILFR,1
S0-SLF1,mangilkklpedlvflilltfpvkslmrfkciskawsiliqsttfinrhinrktntkaefilfkrsikdeeeefinilsflsghddvlnplfpdidvsymtskcdctftpligpcdglialtdtiitivlnpatrnfrvlppspfgcpkgyhrsvegvgfgfdtisnyykvvrisevyceeadgypgpkdskidvcdlstdswreldhiqlpsiywvpcagmlykemvhwfattdtsmvilcfdmstemfhdlkmpdtcsrithelyyglvilcesftligysnpissidpvedkmhiwvmmeygvseswimkytirplsiesplavwknhilllqsrsgllisydlnsgeakelnlhgfpdtlsvkvykecltsipkgseystkvqkf,S3-RNase,SANFDYFQLVLTWPASFCYPKNKCQRRSNNFTIHGLWPEKKRFRLEFCTGDKYKRFLEEDNIINVLERHWIQMRFDETYANTKQPLWEHEYNRHGICCKNLYDQKAYFLLAMRLKDKLDLLTTLRTHGITPGTKHTFGEIQKAIKTVTSNNDPDLKCVENIKGVMELNEIGICYTPAADRFDRCRHSNTCDETSSTKILFRG,1
S0-SLF1,mangilkklpedlvflilltfpvkslmrfkciskawsiliqsttfinrhinrktntkaefilfkrsikdeeeefinilsflsghddvlnplfpdidvsymtskcdctftpligpcdglialtdtiitivlnpatrnfrvlppspfgcpkgyhrsvegvgfgfdtisnyykvvrisevyceeadgypgpkdskidvcdlstdswreldhiqlpsiywvpcagmlykemvhwfattdtsmvilcfdmstemfhdlkmpdtcsrithelyyglvilcesftligysnpissidpvedkmhiwvmmeygvseswimkytirplsiesplavwknhilllqsrsgllisydlnsgeakelnlhgfpdtlsvkvykecltsipkgseystkvqkf,S9-RNase,YGEFELLQLVLTWPASFCYANHCERIAPNNFTIHGLWPDNVTIRLQYCKPKPTYTTFAGKMLNDLDKHWIQLKYKEAYARREQPTWKYQYQKHGSCCQTKYKQIPYFSLALRLKDRFDLLTTLRTHHIVPGSSYTFDDIFDAVKTVTQMNPDLKCTEVTKGTQELDEIGICFTPKADKMFPCRQSDTCEKTRKILFRG,1
S0-SLF1,mangilkklpedlvflilltfpvkslmrfkciskawsiliqsttfinrhinrktntkaefilfkrsikdeeeefinilsflsghddvlnplfpdidvsymtskcdctftpligpcdglialtdtiitivlnpatrnfrvlppspfgcpkgyhrsvegvgfgfdtisnyykvvrisevyceeadgypgpkdskidvcdlstdswreldhiqlpsiywvpcagmlykemvhwfattdtsmvilcfdmstemfhdlkmpdtcsrithelyyglvilcesftligysnpissidpvedkmhiwvmmeygvseswimkytirplsiesplavwknhilllqsrsgllisydlnsgeakelnlhgfpdtlsvkvykecltsipkgseystkvqkf,S5-RNase,YGYFEYMQLVLTWPPAFCHIKRCRRTPNNFTIHGLWPDNYSTMLNFCTDDEFVKFTDDDKKDKLDKRWPDLITDEADCKGTQDFWKREYEKHGTCCLSSYNQEQYFELAMVLKDRFDLVKSFRNHGIIPGTAGHTVQKINNTVKAITQGFPNLACTGDPYKALELKEIGICFDRTGKNVINCPHPRTCKQTRTGEIKFP,1
S21-SLF1,mangvlkklpedlvflilltfpvksllrfkciskawsiliqsttfinrhinrktntkaefilfkrsikdeeeefinilsffsghddvlnplfpdidvsymtskcdcsfnpligpcdglialtdsiitiilnpatrnfrvlppspfgcpkgyhrsvegvgfgldiisnyykvvrisevyceeadgypgpkdskidvcdlstdswreldhvqlpsiywvpcagmlykemvhwfattdtsmvilcfdmstemfhdmkmpdtcsrithelyyglvilcesftligysnpisstdpvedkmhiwvmmeygvseswimkytirplsiesplavwknhilllqsrsgllisydlnsgkakelnlhgfpdtlsvkvykecltsipkgneyntkvqkf,S11-RNase,YGAFDQIQLVLTWPPTYCHEKHCNRIPRNFTIHGLWPDNQHVMLNNCAKTFQKITNVRKIKELDDRWPDLQKSKSEATRTQSFWQYNKHGTCCTERYDRQAYFDLAQNLKDKYDALQILKNHGIIPGKSYAVDKIEEAIRDATQAYPNLNCIGDPQKTMELKEIGICLNPDATKATACHRRRTCNPINNKEIDFPL,1
S21-SLF1,mangvlkklpedlvflilltfpvksllrfkciskawsiliqsttfinrhinrktntkaefilfkrsikdeeeefinilsffsghddvlnplfpdidvsymtskcdcsfnpligpcdglialtdsiitiilnpatrnfrvlppspfgcpkgyhrsvegvgfgldiisnyykvvrisevyceeadgypgpkdskidvcdlstdswreldhvqlpsiywvpcagmlykemvhwfattdtsmvilcfdmstemfhdmkmpdtcsrithelyyglvilcesftligysnpisstdpvedkmhiwvmmeygvseswimkytirplsiesplavwknhilllqsrsgllisydlnsgkakelnlhgfpdtlsvkvykecltsipkgneyntkvqkf,S7-RNase,YGVFDQIQLVLTWPPSFCHTKPCKRTPRNFTIHGLWPDDQHVLLNDCDKTYTTISDAREKKELDARWPDLRYTERDAIQLQSFWRYEYNKHGTCCSERYDQEAYFNLAKNLKDKFHLLQILRIQGIIPGKTYPVDKIEEAVKAVTHEYPNLECVGDPYKTLELKEIGICLNPEATKVTPCHRRKTCKPLNKKEISFPQ,1
S21-SLF1,mangvlkklpedlvflilltfpvksllrfkciskawsiliqsttfinrhinrktntkaefilfkrsikdeeeefinilsffsghddvlnplfpdidvsymtskcdcsfnpligpcdglialtdsiitiilnpatrnfrvlppspfgcpkgyhrsvegvgfgldiisnyykvvrisevyceeadgypgpkdskidvcdlstdswreldhvqlpsiywvpcagmlykemvhwfattdtsmvilcfdmstemfhdmkmpdtcsrithelyyglvilcesftligysnpisstdpvedkmhiwvmmeygvseswimkytirplsiesplavwknhilllqsrsgllisydlnsgkakelnlhgfpdtlsvkvykecltsipkgneyntkvqkf,S17-RNase,YGDFDYMQLVLTWPATFCYPKGFCQRIPPKNFTIHGLWPDKERQRLQFCAKDYKYVNFEGDIKSSLDHHWIQLRFNKEVGLKYQPLWHDQYKKHGTCCSNLYDQTAYFLLAMRLKNKFDLLGTLRTNGITPGRRYTFQRIHGAIKTVTQMDPDLKCVEHIKGVLELNEIGICFTPNAESPYHCPQSHSCEKRGYTGILFR,1
S21-SLF1,mangvlkklpedlvflilltfpvksllrfkciskawsiliqsttfinrhinrktntkaefilfkrsikdeeeefinilsffsghddvlnplfpdidvsymtskcdcsfnpligpcdglialtdsiitiilnpatrnfrvlppspfgcpkgyhrsvegvgfgldiisnyykvvrisevyceeadgypgpkdskidvcdlstdswreldhvqlpsiywvpcagmlykemvhwfattdtsmvilcfdmstemfhdmkmpdtcsrithelyyglvilcesftligysnpisstdpvedkmhiwvmmeygvseswimkytirplsiesplavwknhilllqsrsgllisydlnsgkakelnlhgfpdtlsvkvykecltsipkgneyntkvqkf,S1-RNase,YGNFEYLQLVLTWPASFCFRPKNICKRPAPKNFTIHGLWPEITGFRLEFCTGSPKYETFKDNNIVDYLERHWVQMKFDENYAKYHQPLWSYEYRKHGMCCSKIYNQKAYFLLATRLKEKFDLLTTLRTHGITPGTKHTFGDIQKAIKTVTNQVDPDLKCVEHIKGVQELNEIGICFNPAADNFYPCHHSYTCDETDSKMILFR,1
S21-SLF1,mangvlkklpedlvflilltfpvksllrfkciskawsiliqsttfinrhinrktntkaefilfkrsikdeeeefinilsffsghddvlnplfpdidvsymtskcdcsfnpligpcdglialtdsiitiilnpatrnfrvlppspfgcpkgyhrsvegvgfgldiisnyykvvrisevyceeadgypgpkdskidvcdlstdswreldhvqlpsiywvpcagmlykemvhwfattdtsmvilcfdmstemfhdmkmpdtcsrithelyyglvilcesftligysnpisstdpvedkmhiwvmmeygvseswimkytirplsiesplavwknhilllqsrsgllisydlnsgkakelnlhgfpdtlsvkvykecltsipkgneyntkvqkf,S3-RNase,SANFDYFQLVLTWPASFCYPKNKCQRRSNNFTIHGLWPEKKRFRLEFCTGDKYKRFLEEDNIINVLERHWIQMRFDETYANTKQPLWEHEYNRHGICCKNLYDQKAYFLLAMRLKDKLDLLTTLRTHGITPGTKHTFGEIQKAIKTVTSNNDPDLKCVENIKGVMELNEIGICYTPAADRFDRCRHSNTCDETSSTKILFRG,1
S21-SLF1,mangvlkklpedlvflilltfpvksllrfkciskawsiliqsttfinrhinrktntkaefilfkrsikdeeeefinilsffsghddvlnplfpdidvsymtskcdcsfnpligpcdglialtdsiitiilnpatrnfrvlppspfgcpkgyhrsvegvgfgldiisnyykvvrisevyceeadgypgpkdskidvcdlstdswreldhvqlpsiywvpcagmlykemvhwfattdtsmvilcfdmstemfhdmkmpdtcsrithelyyglvilcesftligysnpisstdpvedkmhiwvmmeygvseswimkytirplsiesplavwknhilllqsrsgllisydlnsgkakelnlhgfpdtlsvkvykecltsipkgneyntkvqkf,S9-RNase,YGEFELLQLVLTWPASFCYANHCERIAPNNFTIHGLWPDNVTIRLQYCKPKPTYTTFAGKMLNDLDKHWIQLKYKEAYARREQPTWKYQYQKHGSCCQTKYKQIPYFSLALRLKDRFDLLTTLRTHHIVPGSSYTFDDIFDAVKTVTQMNPDLKCTEVTKGTQELDEIGICFTPKADKMFPCRQSDTCEKTRKILFRG,1
S21-SLF1,mangvlkklpedlvflilltfpvksllrfkciskawsiliqsttfinrhinrktntkaefilfkrsikdeeeefinilsffsghddvlnplfpdidvsymtskcdcsfnpligpcdglialtdsiitiilnpatrnfrvlppspfgcpkgyhrsvegvgfgldiisnyykvvrisevyceeadgypgpkdskidvcdlstdswreldhvqlpsiywvpcagmlykemvhwfattdtsmvilcfdmstemfhdmkmpdtcsrithelyyglvilcesftligysnpisstdpvedkmhiwvmmeygvseswimkytirplsiesplavwknhilllqsrsgllisydlnsgkakelnlhgfpdtlsvkvykecltsipkgneyntkvqkf,S5-RNase,YGYFEYMQLVLTWPPAFCHIKRCRRTPNNFTIHGLWPDNYSTMLNFCTDDEFVKFTDDDKKDKLDKRWPDLITDEADCKGTQDFWKREYEKHGTCCLSSYNQEQYFELAMVLKDRFDLVKSFRNHGIIPGTAGHTVQKINNTVKAITQGFPNLACTGDPYKALELKEIGICFDRTGKNVINCPHPRTCKQTRTGEIKFP,1
S19-SLF1,MANGILKKLPEDLVFLILLTFPVKSLLRFKCISKAWSILIQSTTFINRHINRKTNTKAEFILFKRSIKDEEEEFINILSFFSGHDDVLNPLFPDIDVSYMTSKCDCTFTPLIGPCDGLIALTDTIITIILNPATRNFRLLPPSPFGCPKGYHRSVEGVGFGFDTISNYYKVVRISEVYCEEADGYPGPKDSKIDVCDLSTDSWRELDHVQLPSIYWVPCAGMLYKEMVHWFATTDTSMVILCFDMSTEMFHDMKMPDTCCRITHELYYGLVVLCESFTLIGYSNPISSIDPVEDKMHIWVMMEYGVSESWIMKYTIKPLSIESPLAVWKNHILLLQSRSGLLISYDLNSGEAKELNLHGFPDTLSVKVYKECLTSIPKGSEYSTKVQKF,S11-RNase,YGAFDQIQLVLTWPPTYCHEKHCNRIPRNFTIHGLWPDNQHVMLNNCAKTFQKITNVRKIKELDDRWPDLQKSKSEATRTQSFWQYNKHGTCCTERYDRQAYFDLAQNLKDKYDALQILKNHGIIPGKSYAVDKIEEAIRDATQAYPNLNCIGDPQKTMELKEIGICLNPDATKATACHRRRTCNPINNKEIDFPL,1
S19-SLF1,MANGILKKLPEDLVFLILLTFPVKSLLRFKCISKAWSILIQSTTFINRHINRKTNTKAEFILFKRSIKDEEEEFINILSFFSGHDDVLNPLFPDIDVSYMTSKCDCTFTPLIGPCDGLIALTDTIITIILNPATRNFRLLPPSPFGCPKGYHRSVEGVGFGFDTISNYYKVVRISEVYCEEADGYPGPKDSKIDVCDLSTDSWRELDHVQLPSIYWVPCAGMLYKEMVHWFATTDTSMVILCFDMSTEMFHDMKMPDTCCRITHELYYGLVVLCESFTLIGYSNPISSIDPVEDKMHIWVMMEYGVSESWIMKYTIKPLSIESPLAVWKNHILLLQSRSGLLISYDLNSGEAKELNLHGFPDTLSVKVYKECLTSIPKGSEYSTKVQKF,S7-RNase,YGVFDQIQLVLTWPPSFCHTKPCKRTPRNFTIHGLWPDDQHVLLNDCDKTYTTISDAREKKELDARWPDLRYTERDAIQLQSFWRYEYNKHGTCCSERYDQEAYFNLAKNLKDKFHLLQILRIQGIIPGKTYPVDKIEEAVKAVTHEYPNLECVGDPYKTLELKEIGICLNPEATKVTPCHRRKTCKPLNKKEISFPQ,1
S19-SLF1,MANGILKKLPEDLVFLILLTFPVKSLLRFKCISKAWSILIQSTTFINRHINRKTNTKAEFILFKRSIKDEEEEFINILSFFSGHDDVLNPLFPDIDVSYMTSKCDCTFTPLIGPCDGLIALTDTIITIILNPATRNFRLLPPSPFGCPKGYHRSVEGVGFGFDTISNYYKVVRISEVYCEEADGYPGPKDSKIDVCDLSTDSWRELDHVQLPSIYWVPCAGMLYKEMVHWFATTDTSMVILCFDMSTEMFHDMKMPDTCCRITHELYYGLVVLCESFTLIGYSNPISSIDPVEDKMHIWVMMEYGVSESWIMKYTIKPLSIESPLAVWKNHILLLQSRSGLLISYDLNSGEAKELNLHGFPDTLSVKVYKECLTSIPKGSEYSTKVQKF,S17-RNase,YGDFDYMQLVLTWPATFCYPKGFCQRIPPKNFTIHGLWPDKERQRLQFCAKDYKYVNFEGDIKSSLDHHWIQLRFNKEVGLKYQPLWHDQYKKHGTCCSNLYDQTAYFLLAMRLKNKFDLLGTLRTNGITPGRRYTFQRIHGAIKTVTQMDPDLKCVEHIKGVLELNEIGICFTPNAESPYHCPQSHSCEKRGYTGILFR,1
S19-SLF1,MANGILKKLPEDLVFLILLTFPVKSLLRFKCISKAWSILIQSTTFINRHINRKTNTKAEFILFKRSIKDEEEEFINILSFFSGHDDVLNPLFPDIDVSYMTSKCDCTFTPLIGPCDGLIALTDTIITIILNPATRNFRLLPPSPFGCPKGYHRSVEGVGFGFDTISNYYKVVRISEVYCEEADGYPGPKDSKIDVCDLSTDSWRELDHVQLPSIYWVPCAGMLYKEMVHWFATTDTSMVILCFDMSTEMFHDMKMPDTCCRITHELYYGLVVLCESFTLIGYSNPISSIDPVEDKMHIWVMMEYGVSESWIMKYTIKPLSIESPLAVWKNHILLLQSRSGLLISYDLNSGEAKELNLHGFPDTLSVKVYKECLTSIPKGSEYSTKVQKF,S1-RNase,YGNFEYLQLVLTWPASFCFRPKNICKRPAPKNFTIHGLWPEITGFRLEFCTGSPKYETFKDNNIVDYLERHWVQMKFDENYAKYHQPLWSYEYRKHGMCCSKIYNQKAYFLLATRLKEKFDLLTTLRTHGITPGTKHTFGDIQKAIKTVTNQVDPDLKCVEHIKGVQELNEIGICFNPAADNFYPCHHSYTCDETDSKMILFR,1
S19-SLF1,MANGILKKLPEDLVFLILLTFPVKSLLRFKCISKAWSILIQSTTFINRHINRKTNTKAEFILFKRSIKDEEEEFINILSFFSGHDDVLNPLFPDIDVSYMTSKCDCTFTPLIGPCDGLIALTDTIITIILNPATRNFRLLPPSPFGCPKGYHRSVEGVGFGFDTISNYYKVVRISEVYCEEADGYPGPKDSKIDVCDLSTDSWRELDHVQLPSIYWVPCAGMLYKEMVHWFATTDTSMVILCFDMSTEMFHDMKMPDTCCRITHELYYGLVVLCESFTLIGYSNPISSIDPVEDKMHIWVMMEYGVSESWIMKYTIKPLSIESPLAVWKNHILLLQSRSGLLISYDLNSGEAKELNLHGFPDTLSVKVYKECLTSIPKGSEYSTKVQKF,S3-RNase,SANFDYFQLVLTWPASFCYPKNKCQRRSNNFTIHGLWPEKKRFRLEFCTGDKYKRFLEEDNIINVLERHWIQMRFDETYANTKQPLWEHEYNRHGICCKNLYDQKAYFLLAMRLKDKLDLLTTLRTHGITPGTKHTFGEIQKAIKTVTSNNDPDLKCVENIKGVMELNEIGICYTPAADRFDRCRHSNTCDETSSTKILFRG,1
S19-SLF1,MANGILKKLPEDLVFLILLTFPVKSLLRFKCISKAWSILIQSTTFINRHINRKTNTKAEFILFKRSIKDEEEEFINILSFFSGHDDVLNPLFPDIDVSYMTSKCDCTFTPLIGPCDGLIALTDTIITIILNPATRNFRLLPPSPFGCPKGYHRSVEGVGFGFDTISNYYKVVRISEVYCEEADGYPGPKDSKIDVCDLSTDSWRELDHVQLPSIYWVPCAGMLYKEMVHWFATTDTSMVILCFDMSTEMFHDMKMPDTCCRITHELYYGLVVLCESFTLIGYSNPISSIDPVEDKMHIWVMMEYGVSESWIMKYTIKPLSIESPLAVWKNHILLLQSRSGLLISYDLNSGEAKELNLHGFPDTLSVKVYKECLTSIPKGSEYSTKVQKF,S9-RNase,YGEFELLQLVLTWPASFCYANHCERIAPNNFTIHGLWPDNVTIRLQYCKPKPTYTTFAGKMLNDLDKHWIQLKYKEAYARREQPTWKYQYQKHGSCCQTKYKQIPYFSLALRLKDRFDLLTTLRTHHIVPGSSYTFDDIFDAVKTVTQMNPDLKCTEVTKGTQELDEIGICFTPKADKMFPCRQSDTCEKTRKILFRG,1
S19-SLF1,MANGILKKLPEDLVFLILLTFPVKSLLRFKCISKAWSILIQSTTFINRHINRKTNTKAEFILFKRSIKDEEEEFINILSFFSGHDDVLNPLFPDIDVSYMTSKCDCTFTPLIGPCDGLIALTDTIITIILNPATRNFRLLPPSPFGCPKGYHRSVEGVGFGFDTISNYYKVVRISEVYCEEADGYPGPKDSKIDVCDLSTDSWRELDHVQLPSIYWVPCAGMLYKEMVHWFATTDTSMVILCFDMSTEMFHDMKMPDTCCRITHELYYGLVVLCESFTLIGYSNPISSIDPVEDKMHIWVMMEYGVSESWIMKYTIKPLSIESPLAVWKNHILLLQSRSGLLISYDLNSGEAKELNLHGFPDTLSVKVYKECLTSIPKGSEYSTKVQKF,S5-RNase,YGYFEYMQLVLTWPPAFCHIKRCRRTPNNFTIHGLWPDNYSTMLNFCTDDEFVKFTDDDKKDKLDKRWPDLITDEADCKGTQDFWKREYEKHGTCCLSSYNQEQYFELAMVLKDRFDLVKSFRNHGIIPGTAGHTVQKINNTVKAITQGFPNLACTGDPYKALELKEIGICFDRTGKNVINCPHPRTCKQTRTGEIKFP,1
S6-SLF1,MANGILKKLPEDLVFLILLTFPVKSLMRFKCISKAWSILIQSTTFINRHVKRKTNTKDEFILFKRAIKDDEEEFMNILSFFSGHDDVLNPFFPDIDVSYMTSKCDCTFTPLIGPCDGLIALTDTIITLVLNPATRNFRVLPPSPFGCPKGYHRSVEGVGFGFDTISNYYKVVRISEVYCEEADGYPGPKDSKIDVCNLSTDSWRELDHVQLPSIYWVPCAGLLYKEMVHWFATTDTSMVILCFDMSTEMFHDMKMPDTCSRITHELYYGLVILCESFTLIGYSNPISSIDPVEDKMHIWVMMEYGVSESWIMKYTIKPLSIESPLAVWKNHILLLQSRSGLLISYDLNSGEAKELNLYGFPDSLSVKVYKECLTSIPKGSEYSTKVQKI,S11-RNase,YGAFDQIQLVLTWPPTYCHEKHCNRIPRNFTIHGLWPDNQHVMLNNCAKTFQKITNVRKIKELDDRWPDLQKSKSEATRTQSFWQYNKHGTCCTERYDRQAYFDLAQNLKDKYDALQILKNHGIIPGKSYAVDKIEEAIRDATQAYPNLNCIGDPQKTMELKEIGICLNPDATKATACHRRRTCNPINNKEIDFPL,1
S6-SLF1,MANGILKKLPEDLVFLILLTFPVKSLMRFKCISKAWSILIQSTTFINRHVKRKTNTKDEFILFKRAIKDDEEEFMNILSFFSGHDDVLNPFFPDIDVSYMTSKCDCTFTPLIGPCDGLIALTDTIITLVLNPATRNFRVLPPSPFGCPKGYHRSVEGVGFGFDTISNYYKVVRISEVYCEEADGYPGPKDSKIDVCNLSTDSWRELDHVQLPSIYWVPCAGLLYKEMVHWFATTDTSMVILCFDMSTEMFHDMKMPDTCSRITHELYYGLVILCESFTLIGYSNPISSIDPVEDKMHIWVMMEYGVSESWIMKYTIKPLSIESPLAVWKNHILLLQSRSGLLISYDLNSGEAKELNLYGFPDSLSVKVYKECLTSIPKGSEYSTKVQKI,S7-RNase,YGVFDQIQLVLTWPPSFCHTKPCKRTPRNFTIHGLWPDDQHVLLNDCDKTYTTISDAREKKELDARWPDLRYTERDAIQLQSFWRYEYNKHGTCCSERYDQEAYFNLAKNLKDKFHLLQILRIQGIIPGKTYPVDKIEEAVKAVTHEYPNLECVGDPYKTLELKEIGICLNPEATKVTPCHRRKTCKPLNKKEISFPQ,1
S6-SLF1,MANGILKKLPEDLVFLILLTFPVKSLMRFKCISKAWSILIQSTTFINRHVKRKTNTKDEFILFKRAIKDDEEEFMNILSFFSGHDDVLNPFFPDIDVSYMTSKCDCTFTPLIGPCDGLIALTDTIITLVLNPATRNFRVLPPSPFGCPKGYHRSVEGVGFGFDTISNYYKVVRISEVYCEEADGYPGPKDSKIDVCNLSTDSWRELDHVQLPSIYWVPCAGLLYKEMVHWFATTDTSMVILCFDMSTEMFHDMKMPDTCSRITHELYYGLVILCESFTLIGYSNPISSIDPVEDKMHIWVMMEYGVSESWIMKYTIKPLSIESPLAVWKNHILLLQSRSGLLISYDLNSGEAKELNLYGFPDSLSVKVYKECLTSIPKGSEYSTKVQKI,S17-RNase,YGDFDYMQLVLTWPATFCYPKGFCQRIPPKNFTIHGLWPDKERQRLQFCAKDYKYVNFEGDIKSSLDHHWIQLRFNKEVGLKYQPLWHDQYKKHGTCCSNLYDQTAYFLLAMRLKNKFDLLGTLRTNGITPGRRYTFQRIHGAIKTVTQMDPDLKCVEHIKGVLELNEIGICFTPNAESPYHCPQSHSCEKRGYTGILFR,1
S6-SLF1,MANGILKKLPEDLVFLILLTFPVKSLMRFKCISKAWSILIQSTTFINRHVKRKTNTKDEFILFKRAIKDDEEEFMNILSFFSGHDDVLNPFFPDIDVSYMTSKCDCTFTPLIGPCDGLIALTDTIITLVLNPATRNFRVLPPSPFGCPKGYHRSVEGVGFGFDTISNYYKVVRISEVYCEEADGYPGPKDSKIDVCNLSTDSWRELDHVQLPSIYWVPCAGLLYKEMVHWFATTDTSMVILCFDMSTEMFHDMKMPDTCSRITHELYYGLVILCESFTLIGYSNPISSIDPVEDKMHIWVMMEYGVSESWIMKYTIKPLSIESPLAVWKNHILLLQSRSGLLISYDLNSGEAKELNLYGFPDSLSVKVYKECLTSIPKGSEYSTKVQKI,S1-RNase,YGNFEYLQLVLTWPASFCFRPKNICKRPAPKNFTIHGLWPEITGFRLEFCTGSPKYETFKDNNIVDYLERHWVQMKFDENYAKYHQPLWSYEYRKHGMCCSKIYNQKAYFLLATRLKEKFDLLTTLRTHGITPGTKHTFGDIQKAIKTVTNQVDPDLKCVEHIKGVQELNEIGICFNPAADNFYPCHHSYTCDETDSKMILFR,1
S6-SLF1,MANGILKKLPEDLVFLILLTFPVKSLMRFKCISKAWSILIQSTTFINRHVKRKTNTKDEFILFKRAIKDDEEEFMNILSFFSGHDDVLNPFFPDIDVSYMTSKCDCTFTPLIGPCDGLIALTDTIITLVLNPATRNFRVLPPSPFGCPKGYHRSVEGVGFGFDTISNYYKVVRISEVYCEEADGYPGPKDSKIDVCNLSTDSWRELDHVQLPSIYWVPCAGLLYKEMVHWFATTDTSMVILCFDMSTEMFHDMKMPDTCSRITHELYYGLVILCESFTLIGYSNPISSIDPVEDKMHIWVMMEYGVSESWIMKYTIKPLSIESPLAVWKNHILLLQSRSGLLISYDLNSGEAKELNLYGFPDSLSVKVYKECLTSIPKGSEYSTKVQKI,S3-RNase,SANFDYFQLVLTWPASFCYPKNKCQRRSNNFTIHGLWPEKKRFRLEFCTGDKYKRFLEEDNIINVLERHWIQMRFDETYANTKQPLWEHEYNRHGICCKNLYDQKAYFLLAMRLKDKLDLLTTLRTHGITPGTKHTFGEIQKAIKTVTSNNDPDLKCVENIKGVMELNEIGICYTPAADRFDRCRHSNTCDETSSTKILFRG,1
S6-SLF1,MANGILKKLPEDLVFLILLTFPVKSLMRFKCISKAWSILIQSTTFINRHVKRKTNTKDEFILFKRAIKDDEEEFMNILSFFSGHDDVLNPFFPDIDVSYMTSKCDCTFTPLIGPCDGLIALTDTIITLVLNPATRNFRVLPPSPFGCPKGYHRSVEGVGFGFDTISNYYKVVRISEVYCEEADGYPGPKDSKIDVCNLSTDSWRELDHVQLPSIYWVPCAGLLYKEMVHWFATTDTSMVILCFDMSTEMFHDMKMPDTCSRITHELYYGLVILCESFTLIGYSNPISSIDPVEDKMHIWVMMEYGVSESWIMKYTIKPLSIESPLAVWKNHILLLQSRSGLLISYDLNSGEAKELNLYGFPDSLSVKVYKECLTSIPKGSEYSTKVQKI,S9-RNase,YGEFELLQLVLTWPASFCYANHCERIAPNNFTIHGLWPDNVTIRLQYCKPKPTYTTFAGKMLNDLDKHWIQLKYKEAYARREQPTWKYQYQKHGSCCQTKYKQIPYFSLALRLKDRFDLLTTLRTHHIVPGSSYTFDDIFDAVKTVTQMNPDLKCTEVTKGTQELDEIGICFTPKADKMFPCRQSDTCEKTRKILFRG,1
S6-SLF1,MANGILKKLPEDLVFLILLTFPVKSLMRFKCISKAWSILIQSTTFINRHVKRKTNTKDEFILFKRAIKDDEEEFMNILSFFSGHDDVLNPFFPDIDVSYMTSKCDCTFTPLIGPCDGLIALTDTIITLVLNPATRNFRVLPPSPFGCPKGYHRSVEGVGFGFDTISNYYKVVRISEVYCEEADGYPGPKDSKIDVCNLSTDSWRELDHVQLPSIYWVPCAGLLYKEMVHWFATTDTSMVILCFDMSTEMFHDMKMPDTCSRITHELYYGLVILCESFTLIGYSNPISSIDPVEDKMHIWVMMEYGVSESWIMKYTIKPLSIESPLAVWKNHILLLQSRSGLLISYDLNSGEAKELNLYGFPDSLSVKVYKECLTSIPKGSEYSTKVQKI,S5-RNase,YGYFEYMQLVLTWPPAFCHIKRCRRTPNNFTIHGLWPDNYSTMLNFCTDDEFVKFTDDDKKDKLDKRWPDLITDEADCKGTQDFWKREYEKHGTCCLSSYNQEQYFELAMVLKDRFDLVKSFRNHGIIPGTAGHTVQKINNTVKAITQGFPNLACTGDPYKALELKEIGICFDRTGKNVINCPHPRTCKQTRTGEIKFP,1
S4-SLF1,MANGILKKLPEDLVFLILLTFPVKSLLRFKCISKAWSILIQSTTFINRHINRKTNTKAEFILFKRSIKDEEEEFINILSFFSGHDDVLNPLFPDIDVSYMTSKCDCTFTPLIGPCDGLIALTDTIITIVLNPATRNFRVLPPSPFGCPKGYHRSVEGVGFGFDTISNYYKVVRISEVYCEEADGYPGPKDSKIDVCDLSTDSWRELDHVQLPSIYWVPCAGMLYKEMVHWFATTDIMVILCFDMSTEMFHDMKMPDTCSRITHELYYGLVILCQSFTLIGYSNPISSSDPVEDKMHIWVMMEYGVSESWIMKYTIKPLSIESPLAVWKNHILLLQSRSGLLLSYDLYTGEAKELNLHGFPDSLSVKVYKECLTSIPKGSECSTKVQKF,S11-RNase,YGAFDQIQLVLTWPPTYCHEKHCNRIPRNFTIHGLWPDNQHVMLNNCAKTFQKITNVRKIKELDDRWPDLQKSKSEATRTQSFWQYNKHGTCCTERYDRQAYFDLAQNLKDKYDALQILKNHGIIPGKSYAVDKIEEAIRDATQAYPNLNCIGDPQKTMELKEIGICLNPDATKATACHRRRTCNPINNKEIDFPL,1
S4-SLF1,MANGILKKLPEDLVFLILLTFPVKSLLRFKCISKAWSILIQSTTFINRHINRKTNTKAEFILFKRSIKDEEEEFINILSFFSGHDDVLNPLFPDIDVSYMTSKCDCTFTPLIGPCDGLIALTDTIITIVLNPATRNFRVLPPSPFGCPKGYHRSVEGVGFGFDTISNYYKVVRISEVYCEEADGYPGPKDSKIDVCDLSTDSWRELDHVQLPSIYWVPCAGMLYKEMVHWFATTDIMVILCFDMSTEMFHDMKMPDTCSRITHELYYGLVILCQSFTLIGYSNPISSSDPVEDKMHIWVMMEYGVSESWIMKYTIKPLSIESPLAVWKNHILLLQSRSGLLLSYDLYTGEAKELNLHGFPDSLSVKVYKECLTSIPKGSECSTKVQKF,S7-RNase,YGVFDQIQLVLTWPPSFCHTKPCKRTPRNFTIHGLWPDDQHVLLNDCDKTYTTISDAREKKELDARWPDLRYTERDAIQLQSFWRYEYNKHGTCCSERYDQEAYFNLAKNLKDKFHLLQILRIQGIIPGKTYPVDKIEEAVKAVTHEYPNLECVGDPYKTLELKEIGICLNPEATKVTPCHRRKTCKPLNKKEISFPQ,1
S4-SLF1,MANGILKKLPEDLVFLILLTFPVKSLLRFKCISKAWSILIQSTTFINRHINRKTNTKAEFILFKRSIKDEEEEFINILSFFSGHDDVLNPLFPDIDVSYMTSKCDCTFTPLIGPCDGLIALTDTIITIVLNPATRNFRVLPPSPFGCPKGYHRSVEGVGFGFDTISNYYKVVRISEVYCEEADGYPGPKDSKIDVCDLSTDSWRELDHVQLPSIYWVPCAGMLYKEMVHWFATTDIMVILCFDMSTEMFHDMKMPDTCSRITHELYYGLVILCQSFTLIGYSNPISSSDPVEDKMHIWVMMEYGVSESWIMKYTIKPLSIESPLAVWKNHILLLQSRSGLLLSYDLYTGEAKELNLHGFPDSLSVKVYKECLTSIPKGSECSTKVQKF,S17-RNase,YGDFDYMQLVLTWPATFCYPKGFCQRIPPKNFTIHGLWPDKERQRLQFCAKDYKYVNFEGDIKSSLDHHWIQLRFNKEVGLKYQPLWHDQYKKHGTCCSNLYDQTAYFLLAMRLKNKFDLLGTLRTNGITPGRRYTFQRIHGAIKTVTQMDPDLKCVEHIKGVLELNEIGICFTPNAESPYHCPQSHSCEKRGYTGILFR,1
S4-SLF1,MANGILKKLPEDLVFLILLTFPVKSLLRFKCISKAWSILIQSTTFINRHINRKTNTKAEFILFKRSIKDEEEEFINILSFFSGHDDVLNPLFPDIDVSYMTSKCDCTFTPLIGPCDGLIALTDTIITIVLNPATRNFRVLPPSPFGCPKGYHRSVEGVGFGFDTISNYYKVVRISEVYCEEADGYPGPKDSKIDVCDLSTDSWRELDHVQLPSIYWVPCAGMLYKEMVHWFATTDIMVILCFDMSTEMFHDMKMPDTCSRITHELYYGLVILCQSFTLIGYSNPISSSDPVEDKMHIWVMMEYGVSESWIMKYTIKPLSIESPLAVWKNHILLLQSRSGLLLSYDLYTGEAKELNLHGFPDSLSVKVYKECLTSIPKGSECSTKVQKF,S1-RNase,YGNFEYLQLVLTWPASFCFRPKNICKRPAPKNFTIHGLWPEITGFRLEFCTGSPKYETFKDNNIVDYLERHWVQMKFDENYAKYHQPLWSYEYRKHGMCCSKIYNQKAYFLLATRLKEKFDLLTTLRTHGITPGTKHTFGDIQKAIKTVTNQVDPDLKCVEHIKGVQELNEIGICFNPAADNFYPCHHSYTCDETDSKMILFR,1
S4-SLF1,MANGILKKLPEDLVFLILLTFPVKSLLRFKCISKAWSILIQSTTFINRHINRKTNTKAEFILFKRSIKDEEEEFINILSFFSGHDDVLNPLFPDIDVSYMTSKCDCTFTPLIGPCDGLIALTDTIITIVLNPATRNFRVLPPSPFGCPKGYHRSVEGVGFGFDTISNYYKVVRISEVYCEEADGYPGPKDSKIDVCDLSTDSWRELDHVQLPSIYWVPCAGMLYKEMVHWFATTDIMVILCFDMSTEMFHDMKMPDTCSRITHELYYGLVILCQSFTLIGYSNPISSSDPVEDKMHIWVMMEYGVSESWIMKYTIKPLSIESPLAVWKNHILLLQSRSGLLLSYDLYTGEAKELNLHGFPDSLSVKVYKECLTSIPKGSECSTKVQKF,S3-RNase,SANFDYFQLVLTWPASFCYPKNKCQRRSNNFTIHGLWPEKKRFRLEFCTGDKYKRFLEEDNIINVLERHWIQMRFDETYANTKQPLWEHEYNRHGICCKNLYDQKAYFLLAMRLKDKLDLLTTLRTHGITPGTKHTFGEIQKAIKTVTSNNDPDLKCVENIKGVMELNEIGICYTPAADRFDRCRHSNTCDETSSTKILFRG,1
S4-SLF1,MANGILKKLPEDLVFLILLTFPVKSLLRFKCISKAWSILIQSTTFINRHINRKTNTKAEFILFKRSIKDEEEEFINILSFFSGHDDVLNPLFPDIDVSYMTSKCDCTFTPLIGPCDGLIALTDTIITIVLNPATRNFRVLPPSPFGCPKGYHRSVEGVGFGFDTISNYYKVVRISEVYCEEADGYPGPKDSKIDVCDLSTDSWRELDHVQLPSIYWVPCAGMLYKEMVHWFATTDIMVILCFDMSTEMFHDMKMPDTCSRITHELYYGLVILCQSFTLIGYSNPISSSDPVEDKMHIWVMMEYGVSESWIMKYTIKPLSIESPLAVWKNHILLLQSRSGLLLSYDLYTGEAKELNLHGFPDSLSVKVYKECLTSIPKGSECSTKVQKF,S9-RNase,YGEFELLQLVLTWPASFCYANHCERIAPNNFTIHGLWPDNVTIRLQYCKPKPTYTTFAGKMLNDLDKHWIQLKYKEAYARREQPTWKYQYQKHGSCCQTKYKQIPYFSLALRLKDRFDLLTTLRTHHIVPGSSYTFDDIFDAVKTVTQMNPDLKCTEVTKGTQELDEIGICFTPKADKMFPCRQSDTCEKTRKILFRG,1
S4-SLF1,MANGILKKLPEDLVFLILLTFPVKSLLRFKCISKAWSILIQSTTFINRHINRKTNTKAEFILFKRSIKDEEEEFINILSFFSGHDDVLNPLFPDIDVSYMTSKCDCTFTPLIGPCDGLIALTDTIITIVLNPATRNFRVLPPSPFGCPKGYHRSVEGVGFGFDTISNYYKVVRISEVYCEEADGYPGPKDSKIDVCDLSTDSWRELDHVQLPSIYWVPCAGMLYKEMVHWFATTDIMVILCFDMSTEMFHDMKMPDTCSRITHELYYGLVILCQSFTLIGYSNPISSSDPVEDKMHIWVMMEYGVSESWIMKYTIKPLSIESPLAVWKNHILLLQSRSGLLLSYDLYTGEAKELNLHGFPDSLSVKVYKECLTSIPKGSECSTKVQKF,S5-RNase,YGYFEYMQLVLTWPPAFCHIKRCRRTPNNFTIHGLWPDNYSTMLNFCTDDEFVKFTDDDKKDKLDKRWPDLITDEADCKGTQDFWKREYEKHGTCCLSSYNQEQYFELAMVLKDRFDLVKSFRNHGIIPGTAGHTVQKINNTVKAITQGFPNLACTGDPYKALELKEIGICFDRTGKNVINCPHPRTCKQTRTGEIKFP,1
S8-SLF1,MANGILKKLPEDLVFLILLTFPVKSLLRFKCISKAWSILIQSTTFINRRINRKTNTKAEFILFKRSIKDEEEEFINILSFFSGHDDVLNPLFPDIDVSYMTSKCDCTFTPLIGPCDGLIALTDTIITIVLNPATRNFRVLPPSPFGCPKGYHRSVEGVGFGFDTISNYYKVVRISEVYCEEADGYPGPKDSKIDVCDLSTDSWRELDHVQLPSIYWVPCAGMLYKEMVHWFATTDIMVILCFDMSTEMFHDMKMPDTCSRITHELYYGLVILCQSFTLIGYSNPISSSDPVEDKMHIWVMMEYGVSESWIMKYTIKPLSIESPLAVWKNHILLLQSRSGLLLSYDLYTGEAKELNLHGFPDSLSVKVYKECLTSIPKGSECSTKVQKF,S11-RNase,YGAFDQIQLVLTWPPTYCHEKHCNRIPRNFTIHGLWPDNQHVMLNNCAKTFQKITNVRKIKELDDRWPDLQKSKSEATRTQSFWQYNKHGTCCTERYDRQAYFDLAQNLKDKYDALQILKNHGIIPGKSYAVDKIEEAIRDATQAYPNLNCIGDPQKTMELKEIGICLNPDATKATACHRRRTCNPINNKEIDFPL,1
S8-SLF1,MANGILKKLPEDLVFLILLTFPVKSLLRFKCISKAWSILIQSTTFINRRINRKTNTKAEFILFKRSIKDEEEEFINILSFFSGHDDVLNPLFPDIDVSYMTSKCDCTFTPLIGPCDGLIALTDTIITIVLNPATRNFRVLPPSPFGCPKGYHRSVEGVGFGFDTISNYYKVVRISEVYCEEADGYPGPKDSKIDVCDLSTDSWRELDHVQLPSIYWVPCAGMLYKEMVHWFATTDIMVILCFDMSTEMFHDMKMPDTCSRITHELYYGLVILCQSFTLIGYSNPISSSDPVEDKMHIWVMMEYGVSESWIMKYTIKPLSIESPLAVWKNHILLLQSRSGLLLSYDLYTGEAKELNLHGFPDSLSVKVYKECLTSIPKGSECSTKVQKF,S7-RNase,YGVFDQIQLVLTWPPSFCHTKPCKRTPRNFTIHGLWPDDQHVLLNDCDKTYTTISDAREKKELDARWPDLRYTERDAIQLQSFWRYEYNKHGTCCSERYDQEAYFNLAKNLKDKFHLLQILRIQGIIPGKTYPVDKIEEAVKAVTHEYPNLECVGDPYKTLELKEIGICLNPEATKVTPCHRRKTCKPLNKKEISFPQ,1
S8-SLF1,MANGILKKLPEDLVFLILLTFPVKSLLRFKCISKAWSILIQSTTFINRRINRKTNTKAEFILFKRSIKDEEEEFINILSFFSGHDDVLNPLFPDIDVSYMTSKCDCTFTPLIGPCDGLIALTDTIITIVLNPATRNFRVLPPSPFGCPKGYHRSVEGVGFGFDTISNYYKVVRISEVYCEEADGYPGPKDSKIDVCDLSTDSWRELDHVQLPSIYWVPCAGMLYKEMVHWFATTDIMVILCFDMSTEMFHDMKMPDTCSRITHELYYGLVILCQSFTLIGYSNPISSSDPVEDKMHIWVMMEYGVSESWIMKYTIKPLSIESPLAVWKNHILLLQSRSGLLLSYDLYTGEAKELNLHGFPDSLSVKVYKECLTSIPKGSECSTKVQKF,S17-RNase,YGDFDYMQLVLTWPATFCYPKGFCQRIPPKNFTIHGLWPDKERQRLQFCAKDYKYVNFEGDIKSSLDHHWIQLRFNKEVGLKYQPLWHDQYKKHGTCCSNLYDQTAYFLLAMRLKNKFDLLGTLRTNGITPGRRYTFQRIHGAIKTVTQMDPDLKCVEHIKGVLELNEIGICFTPNAESPYHCPQSHSCEKRGYTGILFR,1
S8-SLF1,MANGILKKLPEDLVFLILLTFPVKSLLRFKCISKAWSILIQSTTFINRRINRKTNTKAEFILFKRSIKDEEEEFINILSFFSGHDDVLNPLFPDIDVSYMTSKCDCTFTPLIGPCDGLIALTDTIITIVLNPATRNFRVLPPSPFGCPKGYHRSVEGVGFGFDTISNYYKVVRISEVYCEEADGYPGPKDSKIDVCDLSTDSWRELDHVQLPSIYWVPCAGMLYKEMVHWFATTDIMVILCFDMSTEMFHDMKMPDTCSRITHELYYGLVILCQSFTLIGYSNPISSSDPVEDKMHIWVMMEYGVSESWIMKYTIKPLSIESPLAVWKNHILLLQSRSGLLLSYDLYTGEAKELNLHGFPDSLSVKVYKECLTSIPKGSECSTKVQKF,S1-RNase,YGNFEYLQLVLTWPASFCFRPKNICKRPAPKNFTIHGLWPEITGFRLEFCTGSPKYETFKDNNIVDYLERHWVQMKFDENYAKYHQPLWSYEYRKHGMCCSKIYNQKAYFLLATRLKEKFDLLTTLRTHGITPGTKHTFGDIQKAIKTVTNQVDPDLKCVEHIKGVQELNEIGICFNPAADNFYPCHHSYTCDETDSKMILFR,1
S8-SLF1,MANGILKKLPEDLVFLILLTFPVKSLLRFKCISKAWSILIQSTTFINRRINRKTNTKAEFILFKRSIKDEEEEFINILSFFSGHDDVLNPLFPDIDVSYMTSKCDCTFTPLIGPCDGLIALTDTIITIVLNPATRNFRVLPPSPFGCPKGYHRSVEGVGFGFDTISNYYKVVRISEVYCEEADGYPGPKDSKIDVCDLSTDSWRELDHVQLPSIYWVPCAGMLYKEMVHWFATTDIMVILCFDMSTEMFHDMKMPDTCSRITHELYYGLVILCQSFTLIGYSNPISSSDPVEDKMHIWVMMEYGVSESWIMKYTIKPLSIESPLAVWKNHILLLQSRSGLLLSYDLYTGEAKELNLHGFPDSLSVKVYKECLTSIPKGSECSTKVQKF,S3-RNase,SANFDYFQLVLTWPASFCYPKNKCQRRSNNFTIHGLWPEKKRFRLEFCTGDKYKRFLEEDNIINVLERHWIQMRFDETYANTKQPLWEHEYNRHGICCKNLYDQKAYFLLAMRLKDKLDLLTTLRTHGITPGTKHTFGEIQKAIKTVTSNNDPDLKCVENIKGVMELNEIGICYTPAADRFDRCRHSNTCDETSSTKILFRG,1
S8-SLF1,MANGILKKLPEDLVFLILLTFPVKSLLRFKCISKAWSILIQSTTFINRRINRKTNTKAEFILFKRSIKDEEEEFINILSFFSGHDDVLNPLFPDIDVSYMTSKCDCTFTPLIGPCDGLIALTDTIITIVLNPATRNFRVLPPSPFGCPKGYHRSVEGVGFGFDTISNYYKVVRISEVYCEEADGYPGPKDSKIDVCDLSTDSWRELDHVQLPSIYWVPCAGMLYKEMVHWFATTDIMVILCFDMSTEMFHDMKMPDTCSRITHELYYGLVILCQSFTLIGYSNPISSSDPVEDKMHIWVMMEYGVSESWIMKYTIKPLSIESPLAVWKNHILLLQSRSGLLLSYDLYTGEAKELNLHGFPDSLSVKVYKECLTSIPKGSECSTKVQKF,S9-RNase,YGEFELLQLVLTWPASFCYANHCERIAPNNFTIHGLWPDNVTIRLQYCKPKPTYTTFAGKMLNDLDKHWIQLKYKEAYARREQPTWKYQYQKHGSCCQTKYKQIPYFSLALRLKDRFDLLTTLRTHHIVPGSSYTFDDIFDAVKTVTQMNPDLKCTEVTKGTQELDEIGICFTPKADKMFPCRQSDTCEKTRKILFRG,1
S8-SLF1,MANGILKKLPEDLVFLILLTFPVKSLLRFKCISKAWSILIQSTTFINRRINRKTNTKAEFILFKRSIKDEEEEFINILSFFSGHDDVLNPLFPDIDVSYMTSKCDCTFTPLIGPCDGLIALTDTIITIVLNPATRNFRVLPPSPFGCPKGYHRSVEGVGFGFDTISNYYKVVRISEVYCEEADGYPGPKDSKIDVCDLSTDSWRELDHVQLPSIYWVPCAGMLYKEMVHWFATTDIMVILCFDMSTEMFHDMKMPDTCSRITHELYYGLVILCQSFTLIGYSNPISSSDPVEDKMHIWVMMEYGVSESWIMKYTIKPLSIESPLAVWKNHILLLQSRSGLLLSYDLYTGEAKELNLHGFPDSLSVKVYKECLTSIPKGSECSTKVQKF,S5-RNase,YGYFEYMQLVLTWPPAFCHIKRCRRTPNNFTIHGLWPDNYSTMLNFCTDDEFVKFTDDDKKDKLDKRWPDLITDEADCKGTQDFWKREYEKHGTCCLSSYNQEQYFELAMVLKDRFDLVKSFRNHGIIPGTAGHTVQKINNTVKAITQGFPNLACTGDPYKALELKEIGICFDRTGKNVINCPHPRTCKQTRTGEIKFP,1
S15-SLF1,MVNGILKKLPEDLVFLILLTFPVKSLMRFKCISKAWSILILSTTFINRHVNRTTNIKDEFILFKRAIKDEEEEFINILSFFSGHDDALNPLFPDVDVSYMTSKCDCTFNPLIGPCDGLIALTDSIITIILNPATRNFRVLSPSPFGCPKGYHRSVEGVGFGLDTISNYYKVVRISEVYCEEADGYPGPKDSKIDVCDLSTDSWRELDHVQLPSIYWVPCSGILYKEMVHWFATTDMSMVILCFDMSTEMFHDMKMPDTCSRITHELYYGLVILCESFTLIGYSNPISSIDPAQDKMHIWVMMEYGVSESWIMKYTIRHLSIESPLAVWKKNILLLQSRSGLLISYDLNSGEAKELNLHGFPDSLSVIVYKECLTSIPKGREYSPKVQRF,S11-RNase,YGAFDQIQLVLTWPPTYCHEKHCNRIPRNFTIHGLWPDNQHVMLNNCAKTFQKITNVRKIKELDDRWPDLQKSKSEATRTQSFWQYNKHGTCCTERYDRQAYFDLAQNLKDKYDALQILKNHGIIPGKSYAVDKIEEAIRDATQAYPNLNCIGDPQKTMELKEIGICLNPDATKATACHRRRTCNPINNKEIDFPL,1
S15-SLF1,MVNGILKKLPEDLVFLILLTFPVKSLMRFKCISKAWSILILSTTFINRHVNRTTNIKDEFILFKRAIKDEEEEFINILSFFSGHDDALNPLFPDVDVSYMTSKCDCTFNPLIGPCDGLIALTDSIITIILNPATRNFRVLSPSPFGCPKGYHRSVEGVGFGLDTISNYYKVVRISEVYCEEADGYPGPKDSKIDVCDLSTDSWRELDHVQLPSIYWVPCSGILYKEMVHWFATTDMSMVILCFDMSTEMFHDMKMPDTCSRITHELYYGLVILCESFTLIGYSNPISSIDPAQDKMHIWVMMEYGVSESWIMKYTIRHLSIESPLAVWKKNILLLQSRSGLLISYDLNSGEAKELNLHGFPDSLSVIVYKECLTSIPKGREYSPKVQRF,S7-RNase,YGVFDQIQLVLTWPPSFCHTKPCKRTPRNFTIHGLWPDDQHVLLNDCDKTYTTISDAREKKELDARWPDLRYTERDAIQLQSFWRYEYNKHGTCCSERYDQEAYFNLAKNLKDKFHLLQILRIQGIIPGKTYPVDKIEEAVKAVTHEYPNLECVGDPYKTLELKEIGICLNPEATKVTPCHRRKTCKPLNKKEISFPQ,1
S15-SLF1,MVNGILKKLPEDLVFLILLTFPVKSLMRFKCISKAWSILILSTTFINRHVNRTTNIKDEFILFKRAIKDEEEEFINILSFFSGHDDALNPLFPDVDVSYMTSKCDCTFNPLIGPCDGLIALTDSIITIILNPATRNFRVLSPSPFGCPKGYHRSVEGVGFGLDTISNYYKVVRISEVYCEEADGYPGPKDSKIDVCDLSTDSWRELDHVQLPSIYWVPCSGILYKEMVHWFATTDMSMVILCFDMSTEMFHDMKMPDTCSRITHELYYGLVILCESFTLIGYSNPISSIDPAQDKMHIWVMMEYGVSESWIMKYTIRHLSIESPLAVWKKNILLLQSRSGLLISYDLNSGEAKELNLHGFPDSLSVIVYKECLTSIPKGREYSPKVQRF,S17-RNase,YGDFDYMQLVLTWPATFCYPKGFCQRIPPKNFTIHGLWPDKERQRLQFCAKDYKYVNFEGDIKSSLDHHWIQLRFNKEVGLKYQPLWHDQYKKHGTCCSNLYDQTAYFLLAMRLKNKFDLLGTLRTNGITPGRRYTFQRIHGAIKTVTQMDPDLKCVEHIKGVLELNEIGICFTPNAESPYHCPQSHSCEKRGYTGILFR,1
S15-SLF1,MVNGILKKLPEDLVFLILLTFPVKSLMRFKCISKAWSILILSTTFINRHVNRTTNIKDEFILFKRAIKDEEEEFINILSFFSGHDDALNPLFPDVDVSYMTSKCDCTFNPLIGPCDGLIALTDSIITIILNPATRNFRVLSPSPFGCPKGYHRSVEGVGFGLDTISNYYKVVRISEVYCEEADGYPGPKDSKIDVCDLSTDSWRELDHVQLPSIYWVPCSGILYKEMVHWFATTDMSMVILCFDMSTEMFHDMKMPDTCSRITHELYYGLVILCESFTLIGYSNPISSIDPAQDKMHIWVMMEYGVSESWIMKYTIRHLSIESPLAVWKKNILLLQSRSGLLISYDLNSGEAKELNLHGFPDSLSVIVYKECLTSIPKGREYSPKVQRF,S1-RNase,YGNFEYLQLVLTWPASFCFRPKNICKRPAPKNFTIHGLWPEITGFRLEFCTGSPKYETFKDNNIVDYLERHWVQMKFDENYAKYHQPLWSYEYRKHGMCCSKIYNQKAYFLLATRLKEKFDLLTTLRTHGITPGTKHTFGDIQKAIKTVTNQVDPDLKCVEHIKGVQELNEIGICFNPAADNFYPCHHSYTCDETDSKMILFR,1
S15-SLF1,MVNGILKKLPEDLVFLILLTFPVKSLMRFKCISKAWSILILSTTFINRHVNRTTNIKDEFILFKRAIKDEEEEFINILSFFSGHDDALNPLFPDVDVSYMTSKCDCTFNPLIGPCDGLIALTDSIITIILNPATRNFRVLSPSPFGCPKGYHRSVEGVGFGLDTISNYYKVVRISEVYCEEADGYPGPKDSKIDVCDLSTDSWRELDHVQLPSIYWVPCSGILYKEMVHWFATTDMSMVILCFDMSTEMFHDMKMPDTCSRITHELYYGLVILCESFTLIGYSNPISSIDPAQDKMHIWVMMEYGVSESWIMKYTIRHLSIESPLAVWKKNILLLQSRSGLLISYDLNSGEAKELNLHGFPDSLSVIVYKECLTSIPKGREYSPKVQRF,S3-RNase,SANFDYFQLVLTWPASFCYPKNKCQRRSNNFTIHGLWPEKKRFRLEFCTGDKYKRFLEEDNIINVLERHWIQMRFDETYANTKQPLWEHEYNRHGICCKNLYDQKAYFLLAMRLKDKLDLLTTLRTHGITPGTKHTFGEIQKAIKTVTSNNDPDLKCVENIKGVMELNEIGICYTPAADRFDRCRHSNTCDETSSTKILFRG,1
S15-SLF1,MVNGILKKLPEDLVFLILLTFPVKSLMRFKCISKAWSILILSTTFINRHVNRTTNIKDEFILFKRAIKDEEEEFINILSFFSGHDDALNPLFPDVDVSYMTSKCDCTFNPLIGPCDGLIALTDSIITIILNPATRNFRVLSPSPFGCPKGYHRSVEGVGFGLDTISNYYKVVRISEVYCEEADGYPGPKDSKIDVCDLSTDSWRELDHVQLPSIYWVPCSGILYKEMVHWFATTDMSMVILCFDMSTEMFHDMKMPDTCSRITHELYYGLVILCESFTLIGYSNPISSIDPAQDKMHIWVMMEYGVSESWIMKYTIRHLSIESPLAVWKKNILLLQSRSGLLISYDLNSGEAKELNLHGFPDSLSVIVYKECLTSIPKGREYSPKVQRF,S9-RNase,YGEFELLQLVLTWPASFCYANHCERIAPNNFTIHGLWPDNVTIRLQYCKPKPTYTTFAGKMLNDLDKHWIQLKYKEAYARREQPTWKYQYQKHGSCCQTKYKQIPYFSLALRLKDRFDLLTTLRTHHIVPGSSYTFDDIFDAVKTVTQMNPDLKCTEVTKGTQELDEIGICFTPKADKMFPCRQSDTCEKTRKILFRG,1
S15-SLF1,MVNGILKKLPEDLVFLILLTFPVKSLMRFKCISKAWSILILSTTFINRHVNRTTNIKDEFILFKRAIKDEEEEFINILSFFSGHDDALNPLFPDVDVSYMTSKCDCTFNPLIGPCDGLIALTDSIITIILNPATRNFRVLSPSPFGCPKGYHRSVEGVGFGLDTISNYYKVVRISEVYCEEADGYPGPKDSKIDVCDLSTDSWRELDHVQLPSIYWVPCSGILYKEMVHWFATTDMSMVILCFDMSTEMFHDMKMPDTCSRITHELYYGLVILCESFTLIGYSNPISSIDPAQDKMHIWVMMEYGVSESWIMKYTIRHLSIESPLAVWKKNILLLQSRSGLLISYDLNSGEAKELNLHGFPDSLSVIVYKECLTSIPKGREYSPKVQRF,S5-RNase,YGYFEYMQLVLTWPPAFCHIKRCRRTPNNFTIHGLWPDNYSTMLNFCTDDEFVKFTDDDKKDKLDKRWPDLITDEADCKGTQDFWKREYEKHGTCCLSSYNQEQYFELAMVLKDRFDLVKSFRNHGIIPGTAGHTVQKINNTVKAITQGFPNLACTGDPYKALELKEIGICFDRTGKNVINCPHPRTCKQTRTGEIKFP,1
S14-SLF1,MANGILKKLPEDLVFLILLTFPVKSLMRFKCISKAWSILIQSTTFINRHVNRNTNTKDEFILFKRAIKDEEEEFINILSFFSGHDDVLNPLFPDIDVSYMTTKCDCAFNPLIGPCDGLIALTDSIITIILNPATRNFRVLPPSPFGCPKGYHRSVEGVGFGFDTVSNYYKVVRISEVYCEEADGYPGPKDSKIDVCDLSTDSWRELDHAQLPSIYWVPCSGMLYKEMVHWFATTEIMVILCFDMSTEMFRNMKMPDTCSLITHELYYGLVILSESFTLIGYSNPISSIDPVEDKMHIWVMMEYGVSESWILKYTIRPLSIESPLVVWKKHILLLQSRNGLLISYDLNSGEAKELNLHGFPDSLSVIVYKECLTSIPKGSEYSAKVQRF,S11-RNase,YGAFDQIQLVLTWPPTYCHEKHCNRIPRNFTIHGLWPDNQHVMLNNCAKTFQKITNVRKIKELDDRWPDLQKSKSEATRTQSFWQYNKHGTCCTERYDRQAYFDLAQNLKDKYDALQILKNHGIIPGKSYAVDKIEEAIRDATQAYPNLNCIGDPQKTMELKEIGICLNPDATKATACHRRRTCNPINNKEIDFPL,1
S14-SLF1,MANGILKKLPEDLVFLILLTFPVKSLMRFKCISKAWSILIQSTTFINRHVNRNTNTKDEFILFKRAIKDEEEEFINILSFFSGHDDVLNPLFPDIDVSYMTTKCDCAFNPLIGPCDGLIALTDSIITIILNPATRNFRVLPPSPFGCPKGYHRSVEGVGFGFDTVSNYYKVVRISEVYCEEADGYPGPKDSKIDVCDLSTDSWRELDHAQLPSIYWVPCSGMLYKEMVHWFATTEIMVILCFDMSTEMFRNMKMPDTCSLITHELYYGLVILSESFTLIGYSNPISSIDPVEDKMHIWVMMEYGVSESWILKYTIRPLSIESPLVVWKKHILLLQSRNGLLISYDLNSGEAKELNLHGFPDSLSVIVYKECLTSIPKGSEYSAKVQRF,S7-RNase,YGVFDQIQLVLTWPPSFCHTKPCKRTPRNFTIHGLWPDDQHVLLNDCDKTYTTISDAREKKELDARWPDLRYTERDAIQLQSFWRYEYNKHGTCCSERYDQEAYFNLAKNLKDKFHLLQILRIQGIIPGKTYPVDKIEEAVKAVTHEYPNLECVGDPYKTLELKEIGICLNPEATKVTPCHRRKTCKPLNKKEISFPQ,1
S14-SLF1,MANGILKKLPEDLVFLILLTFPVKSLMRFKCISKAWSILIQSTTFINRHVNRNTNTKDEFILFKRAIKDEEEEFINILSFFSGHDDVLNPLFPDIDVSYMTTKCDCAFNPLIGPCDGLIALTDSIITIILNPATRNFRVLPPSPFGCPKGYHRSVEGVGFGFDTVSNYYKVVRISEVYCEEADGYPGPKDSKIDVCDLSTDSWRELDHAQLPSIYWVPCSGMLYKEMVHWFATTEIMVILCFDMSTEMFRNMKMPDTCSLITHELYYGLVILSESFTLIGYSNPISSIDPVEDKMHIWVMMEYGVSESWILKYTIRPLSIESPLVVWKKHILLLQSRNGLLISYDLNSGEAKELNLHGFPDSLSVIVYKECLTSIPKGSEYSAKVQRF,S17-RNase,YGDFDYMQLVLTWPATFCYPKGFCQRIPPKNFTIHGLWPDKERQRLQFCAKDYKYVNFEGDIKSSLDHHWIQLRFNKEVGLKYQPLWHDQYKKHGTCCSNLYDQTAYFLLAMRLKNKFDLLGTLRTNGITPGRRYTFQRIHGAIKTVTQMDPDLKCVEHIKGVLELNEIGICFTPNAESPYHCPQSHSCEKRGYTGILFR,1
S14-SLF1,MANGILKKLPEDLVFLILLTFPVKSLMRFKCISKAWSILIQSTTFINRHVNRNTNTKDEFILFKRAIKDEEEEFINILSFFSGHDDVLNPLFPDIDVSYMTTKCDCAFNPLIGPCDGLIALTDSIITIILNPATRNFRVLPPSPFGCPKGYHRSVEGVGFGFDTVSNYYKVVRISEVYCEEADGYPGPKDSKIDVCDLSTDSWRELDHAQLPSIYWVPCSGMLYKEMVHWFATTEIMVILCFDMSTEMFRNMKMPDTCSLITHELYYGLVILSESFTLIGYSNPISSIDPVEDKMHIWVMMEYGVSESWILKYTIRPLSIESPLVVWKKHILLLQSRNGLLISYDLNSGEAKELNLHGFPDSLSVIVYKECLTSIPKGSEYSAKVQRF,S1-RNase,YGNFEYLQLVLTWPASFCFRPKNICKRPAPKNFTIHGLWPEITGFRLEFCTGSPKYETFKDNNIVDYLERHWVQMKFDENYAKYHQPLWSYEYRKHGMCCSKIYNQKAYFLLATRLKEKFDLLTTLRTHGITPGTKHTFGDIQKAIKTVTNQVDPDLKCVEHIKGVQELNEIGICFNPAADNFYPCHHSYTCDETDSKMILFR,1
S14-SLF1,MANGILKKLPEDLVFLILLTFPVKSLMRFKCISKAWSILIQSTTFINRHVNRNTNTKDEFILFKRAIKDEEEEFINILSFFSGHDDVLNPLFPDIDVSYMTTKCDCAFNPLIGPCDGLIALTDSIITIILNPATRNFRVLPPSPFGCPKGYHRSVEGVGFGFDTVSNYYKVVRISEVYCEEADGYPGPKDSKIDVCDLSTDSWRELDHAQLPSIYWVPCSGMLYKEMVHWFATTEIMVILCFDMSTEMFRNMKMPDTCSLITHELYYGLVILSESFTLIGYSNPISSIDPVEDKMHIWVMMEYGVSESWILKYTIRPLSIESPLVVWKKHILLLQSRNGLLISYDLNSGEAKELNLHGFPDSLSVIVYKECLTSIPKGSEYSAKVQRF,S3-RNase,SANFDYFQLVLTWPASFCYPKNKCQRRSNNFTIHGLWPEKKRFRLEFCTGDKYKRFLEEDNIINVLERHWIQMRFDETYANTKQPLWEHEYNRHGICCKNLYDQKAYFLLAMRLKDKLDLLTTLRTHGITPGTKHTFGEIQKAIKTVTSNNDPDLKCVENIKGVMELNEIGICYTPAADRFDRCRHSNTCDETSSTKILFRG,1
S14-SLF1,MANGILKKLPEDLVFLILLTFPVKSLMRFKCISKAWSILIQSTTFINRHVNRNTNTKDEFILFKRAIKDEEEEFINILSFFSGHDDVLNPLFPDIDVSYMTTKCDCAFNPLIGPCDGLIALTDSIITIILNPATRNFRVLPPSPFGCPKGYHRSVEGVGFGFDTVSNYYKVVRISEVYCEEADGYPGPKDSKIDVCDLSTDSWRELDHAQLPSIYWVPCSGMLYKEMVHWFATTEIMVILCFDMSTEMFRNMKMPDTCSLITHELYYGLVILSESFTLIGYSNPISSIDPVEDKMHIWVMMEYGVSESWILKYTIRPLSIESPLVVWKKHILLLQSRNGLLISYDLNSGEAKELNLHGFPDSLSVIVYKECLTSIPKGSEYSAKVQRF,S9-RNase,YGEFELLQLVLTWPASFCYANHCERIAPNNFTIHGLWPDNVTIRLQYCKPKPTYTTFAGKMLNDLDKHWIQLKYKEAYARREQPTWKYQYQKHGSCCQTKYKQIPYFSLALRLKDRFDLLTTLRTHHIVPGSSYTFDDIFDAVKTVTQMNPDLKCTEVTKGTQELDEIGICFTPKADKMFPCRQSDTCEKTRKILFRG,1
S14-SLF1,MANGILKKLPEDLVFLILLTFPVKSLMRFKCISKAWSILIQSTTFINRHVNRNTNTKDEFILFKRAIKDEEEEFINILSFFSGHDDVLNPLFPDIDVSYMTTKCDCAFNPLIGPCDGLIALTDSIITIILNPATRNFRVLPPSPFGCPKGYHRSVEGVGFGFDTVSNYYKVVRISEVYCEEADGYPGPKDSKIDVCDLSTDSWRELDHAQLPSIYWVPCSGMLYKEMVHWFATTEIMVILCFDMSTEMFRNMKMPDTCSLITHELYYGLVILSESFTLIGYSNPISSIDPVEDKMHIWVMMEYGVSESWILKYTIRPLSIESPLVVWKKHILLLQSRNGLLISYDLNSGEAKELNLHGFPDSLSVIVYKECLTSIPKGSEYSAKVQRF,S5-RNase,YGYFEYMQLVLTWPPAFCHIKRCRRTPNNFTIHGLWPDNYSTMLNFCTDDEFVKFTDDDKKDKLDKRWPDLITDEADCKGTQDFWKREYEKHGTCCLSSYNQEQYFELAMVLKDRFDLVKSFRNHGIIPGTAGHTVQKINNTVKAITQGFPNLACTGDPYKALELKEIGICFDRTGKNVINCPHPRTCKQTRTGEIKFP,1
S17-SLF1,MANGILKKLPEDLVFLILLTFPVKSLMRFKCISKAWSILIQSTNFINRHVNRKSNTKDEFILFKRAIKDEEEEFINILSFFSSHDGVFKPLFPDIDVSYMTSKCHCTYNPLIGPCDGLIALTDTIITIVLNPATRNFRVLPHCPFGCPKGYHRSVEEVGFGLDTISNYYKVVRISEVYCEEADGYPGPKDSKVDVCDLSTDSWRELDHLQLPSIYWVPCAGMLYKEMVHWFATTDTSMVILCFDMSTEMFHDMKMPATCSRITHELYYGLVILYESFTLIGYSNPISSIDPAHDRMHIWVMMEYAVSESWIMKYTIRPLSIESPLAVWKNHILLLQSRSGLLISYDLNSGEAKELNLHGFPDSLSVKVYKECLTSIPKGSEYCTKVQKF,S11-RNase,YGAFDQIQLVLTWPPTYCHEKHCNRIPRNFTIHGLWPDNQHVMLNNCAKTFQKITNVRKIKELDDRWPDLQKSKSEATRTQSFWQYNKHGTCCTERYDRQAYFDLAQNLKDKYDALQILKNHGIIPGKSYAVDKIEEAIRDATQAYPNLNCIGDPQKTMELKEIGICLNPDATKATACHRRRTCNPINNKEIDFPL,1
S17-SLF1,MANGILKKLPEDLVFLILLTFPVKSLMRFKCISKAWSILIQSTNFINRHVNRKSNTKDEFILFKRAIKDEEEEFINILSFFSSHDGVFKPLFPDIDVSYMTSKCHCTYNPLIGPCDGLIALTDTIITIVLNPATRNFRVLPHCPFGCPKGYHRSVEEVGFGLDTISNYYKVVRISEVYCEEADGYPGPKDSKVDVCDLSTDSWRELDHLQLPSIYWVPCAGMLYKEMVHWFATTDTSMVILCFDMSTEMFHDMKMPATCSRITHELYYGLVILYESFTLIGYSNPISSIDPAHDRMHIWVMMEYAVSESWIMKYTIRPLSIESPLAVWKNHILLLQSRSGLLISYDLNSGEAKELNLHGFPDSLSVKVYKECLTSIPKGSEYCTKVQKF,S7-RNase,YGVFDQIQLVLTWPPSFCHTKPCKRTPRNFTIHGLWPDDQHVLLNDCDKTYTTISDAREKKELDARWPDLRYTERDAIQLQSFWRYEYNKHGTCCSERYDQEAYFNLAKNLKDKFHLLQILRIQGIIPGKTYPVDKIEEAVKAVTHEYPNLECVGDPYKTLELKEIGICLNPEATKVTPCHRRKTCKPLNKKEISFPQ,1
S17-SLF1,MANGILKKLPEDLVFLILLTFPVKSLMRFKCISKAWSILIQSTNFINRHVNRKSNTKDEFILFKRAIKDEEEEFINILSFFSSHDGVFKPLFPDIDVSYMTSKCHCTYNPLIGPCDGLIALTDTIITIVLNPATRNFRVLPHCPFGCPKGYHRSVEEVGFGLDTISNYYKVVRISEVYCEEADGYPGPKDSKVDVCDLSTDSWRELDHLQLPSIYWVPCAGMLYKEMVHWFATTDTSMVILCFDMSTEMFHDMKMPATCSRITHELYYGLVILYESFTLIGYSNPISSIDPAHDRMHIWVMMEYAVSESWIMKYTIRPLSIESPLAVWKNHILLLQSRSGLLISYDLNSGEAKELNLHGFPDSLSVKVYKECLTSIPKGSEYCTKVQKF,S17-RNase,YGDFDYMQLVLTWPATFCYPKGFCQRIPPKNFTIHGLWPDKERQRLQFCAKDYKYVNFEGDIKSSLDHHWIQLRFNKEVGLKYQPLWHDQYKKHGTCCSNLYDQTAYFLLAMRLKNKFDLLGTLRTNGITPGRRYTFQRIHGAIKTVTQMDPDLKCVEHIKGVLELNEIGICFTPNAESPYHCPQSHSCEKRGYTGILFR,0
S17-SLF1,MANGILKKLPEDLVFLILLTFPVKSLMRFKCISKAWSILIQSTNFINRHVNRKSNTKDEFILFKRAIKDEEEEFINILSFFSSHDGVFKPLFPDIDVSYMTSKCHCTYNPLIGPCDGLIALTDTIITIVLNPATRNFRVLPHCPFGCPKGYHRSVEEVGFGLDTISNYYKVVRISEVYCEEADGYPGPKDSKVDVCDLSTDSWRELDHLQLPSIYWVPCAGMLYKEMVHWFATTDTSMVILCFDMSTEMFHDMKMPATCSRITHELYYGLVILYESFTLIGYSNPISSIDPAHDRMHIWVMMEYAVSESWIMKYTIRPLSIESPLAVWKNHILLLQSRSGLLISYDLNSGEAKELNLHGFPDSLSVKVYKECLTSIPKGSEYCTKVQKF,S1-RNase,YGNFEYLQLVLTWPASFCFRPKNICKRPAPKNFTIHGLWPEITGFRLEFCTGSPKYETFKDNNIVDYLERHWVQMKFDENYAKYHQPLWSYEYRKHGMCCSKIYNQKAYFLLATRLKEKFDLLTTLRTHGITPGTKHTFGDIQKAIKTVTNQVDPDLKCVEHIKGVQELNEIGICFNPAADNFYPCHHSYTCDETDSKMILFR,1
S17-SLF1,MANGILKKLPEDLVFLILLTFPVKSLMRFKCISKAWSILIQSTNFINRHVNRKSNTKDEFILFKRAIKDEEEEFINILSFFSSHDGVFKPLFPDIDVSYMTSKCHCTYNPLIGPCDGLIALTDTIITIVLNPATRNFRVLPHCPFGCPKGYHRSVEEVGFGLDTISNYYKVVRISEVYCEEADGYPGPKDSKVDVCDLSTDSWRELDHLQLPSIYWVPCAGMLYKEMVHWFATTDTSMVILCFDMSTEMFHDMKMPATCSRITHELYYGLVILYESFTLIGYSNPISSIDPAHDRMHIWVMMEYAVSESWIMKYTIRPLSIESPLAVWKNHILLLQSRSGLLISYDLNSGEAKELNLHGFPDSLSVKVYKECLTSIPKGSEYCTKVQKF,S3-RNase,SANFDYFQLVLTWPASFCYPKNKCQRRSNNFTIHGLWPEKKRFRLEFCTGDKYKRFLEEDNIINVLERHWIQMRFDETYANTKQPLWEHEYNRHGICCKNLYDQKAYFLLAMRLKDKLDLLTTLRTHGITPGTKHTFGEIQKAIKTVTSNNDPDLKCVENIKGVMELNEIGICYTPAADRFDRCRHSNTCDETSSTKILFRG,1
S17-SLF1,MANGILKKLPEDLVFLILLTFPVKSLMRFKCISKAWSILIQSTNFINRHVNRKSNTKDEFILFKRAIKDEEEEFINILSFFSSHDGVFKPLFPDIDVSYMTSKCHCTYNPLIGPCDGLIALTDTIITIVLNPATRNFRVLPHCPFGCPKGYHRSVEEVGFGLDTISNYYKVVRISEVYCEEADGYPGPKDSKVDVCDLSTDSWRELDHLQLPSIYWVPCAGMLYKEMVHWFATTDTSMVILCFDMSTEMFHDMKMPATCSRITHELYYGLVILYESFTLIGYSNPISSIDPAHDRMHIWVMMEYAVSESWIMKYTIRPLSIESPLAVWKNHILLLQSRSGLLISYDLNSGEAKELNLHGFPDSLSVKVYKECLTSIPKGSEYCTKVQKF,S9-RNase,YGEFELLQLVLTWPASFCYANHCERIAPNNFTIHGLWPDNVTIRLQYCKPKPTYTTFAGKMLNDLDKHWIQLKYKEAYARREQPTWKYQYQKHGSCCQTKYKQIPYFSLALRLKDRFDLLTTLRTHHIVPGSSYTFDDIFDAVKTVTQMNPDLKCTEVTKGTQELDEIGICFTPKADKMFPCRQSDTCEKTRKILFRG,1
S17-SLF1,MANGILKKLPEDLVFLILLTFPVKSLMRFKCISKAWSILIQSTNFINRHVNRKSNTKDEFILFKRAIKDEEEEFINILSFFSSHDGVFKPLFPDIDVSYMTSKCHCTYNPLIGPCDGLIALTDTIITIVLNPATRNFRVLPHCPFGCPKGYHRSVEEVGFGLDTISNYYKVVRISEVYCEEADGYPGPKDSKVDVCDLSTDSWRELDHLQLPSIYWVPCAGMLYKEMVHWFATTDTSMVILCFDMSTEMFHDMKMPATCSRITHELYYGLVILYESFTLIGYSNPISSIDPAHDRMHIWVMMEYAVSESWIMKYTIRPLSIESPLAVWKNHILLLQSRSGLLISYDLNSGEAKELNLHGFPDSLSVKVYKECLTSIPKGSEYCTKVQKF,S5-RNase,YGYFEYMQLVLTWPPAFCHIKRCRRTPNNFTIHGLWPDNYSTMLNFCTDDEFVKFTDDDKKDKLDKRWPDLITDEADCKGTQDFWKREYEKHGTCCLSSYNQEQYFELAMVLKDRFDLVKSFRNHGIIPGTAGHTVQKINNTVKAITQGFPNLACTGDPYKALELKEIGICFDRTGKNVINCPHPRTCKQTRTGEIKFP,1
S22-SLF1,MANGILKKLPEDLVFLILLTLPVKSLMRFKCIAKAWSILIQSTTFINRYVNRKTNTKDEFVLFKRAIKDDEEEFINILSFFSGHDDVLTPLFPDIDVSYMTSKCDCTFNPLIGPCDGLIALTDSIITIIFNPATRNFRVLPPSPFGCPKGYHRSVEGVGFGLDTISNYYKVVRISEVYCEEADGYPGPKVSKIDVCDLSADSWRELDHVKLPSIYWVPCSGILYKEMVHWFATTDVMIILCFDMSTEMFRNIKMPDTCSIITHELYYGLVILCESFTLIGYSNPISSVDPAHDRMHIWVMMEYGVSESWIMKYTIRPLSIESPLAVWKNHILLLQSRSGLLISYDLNSGEAKELNLHGFPDSLSVQVYKECLTSIPKGSEYSTKVQKF,S11-RNase,YGAFDQIQLVLTWPPTYCHEKHCNRIPRNFTIHGLWPDNQHVMLNNCAKTFQKITNVRKIKELDDRWPDLQKSKSEATRTQSFWQYNKHGTCCTERYDRQAYFDLAQNLKDKYDALQILKNHGIIPGKSYAVDKIEEAIRDATQAYPNLNCIGDPQKTMELKEIGICLNPDATKATACHRRRTCNPINNKEIDFPL,1
S22-SLF1,MANGILKKLPEDLVFLILLTLPVKSLMRFKCIAKAWSILIQSTTFINRYVNRKTNTKDEFVLFKRAIKDDEEEFINILSFFSGHDDVLTPLFPDIDVSYMTSKCDCTFNPLIGPCDGLIALTDSIITIIFNPATRNFRVLPPSPFGCPKGYHRSVEGVGFGLDTISNYYKVVRISEVYCEEADGYPGPKVSKIDVCDLSADSWRELDHVKLPSIYWVPCSGILYKEMVHWFATTDVMIILCFDMSTEMFRNIKMPDTCSIITHELYYGLVILCESFTLIGYSNPISSVDPAHDRMHIWVMMEYGVSESWIMKYTIRPLSIESPLAVWKNHILLLQSRSGLLISYDLNSGEAKELNLHGFPDSLSVQVYKECLTSIPKGSEYSTKVQKF,S7-RNase,YGVFDQIQLVLTWPPSFCHTKPCKRTPRNFTIHGLWPDDQHVLLNDCDKTYTTISDAREKKELDARWPDLRYTERDAIQLQSFWRYEYNKHGTCCSERYDQEAYFNLAKNLKDKFHLLQILRIQGIIPGKTYPVDKIEEAVKAVTHEYPNLECVGDPYKTLELKEIGICLNPEATKVTPCHRRKTCKPLNKKEISFPQ,1
S22-SLF1,MANGILKKLPEDLVFLILLTLPVKSLMRFKCIAKAWSILIQSTTFINRYVNRKTNTKDEFVLFKRAIKDDEEEFINILSFFSGHDDVLTPLFPDIDVSYMTSKCDCTFNPLIGPCDGLIALTDSIITIIFNPATRNFRVLPPSPFGCPKGYHRSVEGVGFGLDTISNYYKVVRISEVYCEEADGYPGPKVSKIDVCDLSADSWRELDHVKLPSIYWVPCSGILYKEMVHWFATTDVMIILCFDMSTEMFRNIKMPDTCSIITHELYYGLVILCESFTLIGYSNPISSVDPAHDRMHIWVMMEYGVSESWIMKYTIRPLSIESPLAVWKNHILLLQSRSGLLISYDLNSGEAKELNLHGFPDSLSVQVYKECLTSIPKGSEYSTKVQKF,S17-RNase,YGDFDYMQLVLTWPATFCYPKGFCQRIPPKNFTIHGLWPDKERQRLQFCAKDYKYVNFEGDIKSSLDHHWIQLRFNKEVGLKYQPLWHDQYKKHGTCCSNLYDQTAYFLLAMRLKNKFDLLGTLRTNGITPGRRYTFQRIHGAIKTVTQMDPDLKCVEHIKGVLELNEIGICFTPNAESPYHCPQSHSCEKRGYTGILFR,1
S22-SLF1,MANGILKKLPEDLVFLILLTLPVKSLMRFKCIAKAWSILIQSTTFINRYVNRKTNTKDEFVLFKRAIKDDEEEFINILSFFSGHDDVLTPLFPDIDVSYMTSKCDCTFNPLIGPCDGLIALTDSIITIIFNPATRNFRVLPPSPFGCPKGYHRSVEGVGFGLDTISNYYKVVRISEVYCEEADGYPGPKVSKIDVCDLSADSWRELDHVKLPSIYWVPCSGILYKEMVHWFATTDVMIILCFDMSTEMFRNIKMPDTCSIITHELYYGLVILCESFTLIGYSNPISSVDPAHDRMHIWVMMEYGVSESWIMKYTIRPLSIESPLAVWKNHILLLQSRSGLLISYDLNSGEAKELNLHGFPDSLSVQVYKECLTSIPKGSEYSTKVQKF,S1-RNase,YGNFEYLQLVLTWPASFCFRPKNICKRPAPKNFTIHGLWPEITGFRLEFCTGSPKYETFKDNNIVDYLERHWVQMKFDENYAKYHQPLWSYEYRKHGMCCSKIYNQKAYFLLATRLKEKFDLLTTLRTHGITPGTKHTFGDIQKAIKTVTNQVDPDLKCVEHIKGVQELNEIGICFNPAADNFYPCHHSYTCDETDSKMILFR,1
S22-SLF1,MANGILKKLPEDLVFLILLTLPVKSLMRFKCIAKAWSILIQSTTFINRYVNRKTNTKDEFVLFKRAIKDDEEEFINILSFFSGHDDVLTPLFPDIDVSYMTSKCDCTFNPLIGPCDGLIALTDSIITIIFNPATRNFRVLPPSPFGCPKGYHRSVEGVGFGLDTISNYYKVVRISEVYCEEADGYPGPKVSKIDVCDLSADSWRELDHVKLPSIYWVPCSGILYKEMVHWFATTDVMIILCFDMSTEMFRNIKMPDTCSIITHELYYGLVILCESFTLIGYSNPISSVDPAHDRMHIWVMMEYGVSESWIMKYTIRPLSIESPLAVWKNHILLLQSRSGLLISYDLNSGEAKELNLHGFPDSLSVQVYKECLTSIPKGSEYSTKVQKF,S3-RNase,SANFDYFQLVLTWPASFCYPKNKCQRRSNNFTIHGLWPEKKRFRLEFCTGDKYKRFLEEDNIINVLERHWIQMRFDETYANTKQPLWEHEYNRHGICCKNLYDQKAYFLLAMRLKDKLDLLTTLRTHGITPGTKHTFGEIQKAIKTVTSNNDPDLKCVENIKGVMELNEIGICYTPAADRFDRCRHSNTCDETSSTKILFRG,1
S22-SLF1,MANGILKKLPEDLVFLILLTLPVKSLMRFKCIAKAWSILIQSTTFINRYVNRKTNTKDEFVLFKRAIKDDEEEFINILSFFSGHDDVLTPLFPDIDVSYMTSKCDCTFNPLIGPCDGLIALTDSIITIIFNPATRNFRVLPPSPFGCPKGYHRSVEGVGFGLDTISNYYKVVRISEVYCEEADGYPGPKVSKIDVCDLSADSWRELDHVKLPSIYWVPCSGILYKEMVHWFATTDVMIILCFDMSTEMFRNIKMPDTCSIITHELYYGLVILCESFTLIGYSNPISSVDPAHDRMHIWVMMEYGVSESWIMKYTIRPLSIESPLAVWKNHILLLQSRSGLLISYDLNSGEAKELNLHGFPDSLSVQVYKECLTSIPKGSEYSTKVQKF,S9-RNase,YGEFELLQLVLTWPASFCYANHCERIAPNNFTIHGLWPDNVTIRLQYCKPKPTYTTFAGKMLNDLDKHWIQLKYKEAYARREQPTWKYQYQKHGSCCQTKYKQIPYFSLALRLKDRFDLLTTLRTHHIVPGSSYTFDDIFDAVKTVTQMNPDLKCTEVTKGTQELDEIGICFTPKADKMFPCRQSDTCEKTRKILFRG,1
S22-SLF1,MANGILKKLPEDLVFLILLTLPVKSLMRFKCIAKAWSILIQSTTFINRYVNRKTNTKDEFVLFKRAIKDDEEEFINILSFFSGHDDVLTPLFPDIDVSYMTSKCDCTFNPLIGPCDGLIALTDSIITIIFNPATRNFRVLPPSPFGCPKGYHRSVEGVGFGLDTISNYYKVVRISEVYCEEADGYPGPKVSKIDVCDLSADSWRELDHVKLPSIYWVPCSGILYKEMVHWFATTDVMIILCFDMSTEMFRNIKMPDTCSIITHELYYGLVILCESFTLIGYSNPISSVDPAHDRMHIWVMMEYGVSESWIMKYTIRPLSIESPLAVWKNHILLLQSRSGLLISYDLNSGEAKELNLHGFPDSLSVQVYKECLTSIPKGSEYSTKVQKF,S5-RNase,YGYFEYMQLVLTWPPAFCHIKRCRRTPNNFTIHGLWPDNYSTMLNFCTDDEFVKFTDDDKKDKLDKRWPDLITDEADCKGTQDFWKREYEKHGTCCLSSYNQEQYFELAMVLKDRFDLVKSFRNHGIIPGTAGHTVQKINNTVKAITQGFPNLACTGDPYKALELKEIGICFDRTGKNVINCPHPRTCKQTRTGEIKFP,1
S20-SLF1,MANGILKKLPKDLVFLILSTFPVKSLLRFKCISKAWSILIQSTTFINCHVNRKTNTKDEFILFKRAIKDEEEEFKNILSFFSGHVDVLNPLFPDIDVSYMTSKCNCTFNPLIGPCDGLIALTDSIITIIFNPATRNFRLLPPSPFGCPKGYHRSVEGVGFGLDTISNYYKVVRISEVYCEEADGYPGPKDSEIDVCDLSTDSWRELDHVQLPMIYWLPCSGMLYKEMVHWFATTDISMVILCFDMSTEMFRNMKMPDTCSRLTHELYYGLVILCESFTLIGYSNPISSIDPAHDKMHIWVMIEYGVSKSWIMKYTIRPLSIESPLAVWKKTILLLQSRSGLLISYDLNSGEAKELNLNGFPDSLSVIVYKECLTSIPKGSEHSTKVQKF,S11-RNase,YGAFDQIQLVLTWPPTYCHEKHCNRIPRNFTIHGLWPDNQHVMLNNCAKTFQKITNVRKIKELDDRWPDLQKSKSEATRTQSFWQYNKHGTCCTERYDRQAYFDLAQNLKDKYDALQILKNHGIIPGKSYAVDKIEEAIRDATQAYPNLNCIGDPQKTMELKEIGICLNPDATKATACHRRRTCNPINNKEIDFPL,1
S20-SLF1,MANGILKKLPKDLVFLILSTFPVKSLLRFKCISKAWSILIQSTTFINCHVNRKTNTKDEFILFKRAIKDEEEEFKNILSFFSGHVDVLNPLFPDIDVSYMTSKCNCTFNPLIGPCDGLIALTDSIITIIFNPATRNFRLLPPSPFGCPKGYHRSVEGVGFGLDTISNYYKVVRISEVYCEEADGYPGPKDSEIDVCDLSTDSWRELDHVQLPMIYWLPCSGMLYKEMVHWFATTDISMVILCFDMSTEMFRNMKMPDTCSRLTHELYYGLVILCESFTLIGYSNPISSIDPAHDKMHIWVMIEYGVSKSWIMKYTIRPLSIESPLAVWKKTILLLQSRSGLLISYDLNSGEAKELNLNGFPDSLSVIVYKECLTSIPKGSEHSTKVQKF,S7-RNase,YGVFDQIQLVLTWPPSFCHTKPCKRTPRNFTIHGLWPDDQHVLLNDCDKTYTTISDAREKKELDARWPDLRYTERDAIQLQSFWRYEYNKHGTCCSERYDQEAYFNLAKNLKDKFHLLQILRIQGIIPGKTYPVDKIEEAVKAVTHEYPNLECVGDPYKTLELKEIGICLNPEATKVTPCHRRKTCKPLNKKEISFPQ,1
S20-SLF1,MANGILKKLPKDLVFLILSTFPVKSLLRFKCISKAWSILIQSTTFINCHVNRKTNTKDEFILFKRAIKDEEEEFKNILSFFSGHVDVLNPLFPDIDVSYMTSKCNCTFNPLIGPCDGLIALTDSIITIIFNPATRNFRLLPPSPFGCPKGYHRSVEGVGFGLDTISNYYKVVRISEVYCEEADGYPGPKDSEIDVCDLSTDSWRELDHVQLPMIYWLPCSGMLYKEMVHWFATTDISMVILCFDMSTEMFRNMKMPDTCSRLTHELYYGLVILCESFTLIGYSNPISSIDPAHDKMHIWVMIEYGVSKSWIMKYTIRPLSIESPLAVWKKTILLLQSRSGLLISYDLNSGEAKELNLNGFPDSLSVIVYKECLTSIPKGSEHSTKVQKF,S17-RNase,YGDFDYMQLVLTWPATFCYPKGFCQRIPPKNFTIHGLWPDKERQRLQFCAKDYKYVNFEGDIKSSLDHHWIQLRFNKEVGLKYQPLWHDQYKKHGTCCSNLYDQTAYFLLAMRLKNKFDLLGTLRTNGITPGRRYTFQRIHGAIKTVTQMDPDLKCVEHIKGVLELNEIGICFTPNAESPYHCPQSHSCEKRGYTGILFR,1
S20-SLF1,MANGILKKLPKDLVFLILSTFPVKSLLRFKCISKAWSILIQSTTFINCHVNRKTNTKDEFILFKRAIKDEEEEFKNILSFFSGHVDVLNPLFPDIDVSYMTSKCNCTFNPLIGPCDGLIALTDSIITIIFNPATRNFRLLPPSPFGCPKGYHRSVEGVGFGLDTISNYYKVVRISEVYCEEADGYPGPKDSEIDVCDLSTDSWRELDHVQLPMIYWLPCSGMLYKEMVHWFATTDISMVILCFDMSTEMFRNMKMPDTCSRLTHELYYGLVILCESFTLIGYSNPISSIDPAHDKMHIWVMIEYGVSKSWIMKYTIRPLSIESPLAVWKKTILLLQSRSGLLISYDLNSGEAKELNLNGFPDSLSVIVYKECLTSIPKGSEHSTKVQKF,S1-RNase,YGNFEYLQLVLTWPASFCFRPKNICKRPAPKNFTIHGLWPEITGFRLEFCTGSPKYETFKDNNIVDYLERHWVQMKFDENYAKYHQPLWSYEYRKHGMCCSKIYNQKAYFLLATRLKEKFDLLTTLRTHGITPGTKHTFGDIQKAIKTVTNQVDPDLKCVEHIKGVQELNEIGICFNPAADNFYPCHHSYTCDETDSKMILFR,1
S20-SLF1,MANGILKKLPKDLVFLILSTFPVKSLLRFKCISKAWSILIQSTTFINCHVNRKTNTKDEFILFKRAIKDEEEEFKNILSFFSGHVDVLNPLFPDIDVSYMTSKCNCTFNPLIGPCDGLIALTDSIITIIFNPATRNFRLLPPSPFGCPKGYHRSVEGVGFGLDTISNYYKVVRISEVYCEEADGYPGPKDSEIDVCDLSTDSWRELDHVQLPMIYWLPCSGMLYKEMVHWFATTDISMVILCFDMSTEMFRNMKMPDTCSRLTHELYYGLVILCESFTLIGYSNPISSIDPAHDKMHIWVMIEYGVSKSWIMKYTIRPLSIESPLAVWKKTILLLQSRSGLLISYDLNSGEAKELNLNGFPDSLSVIVYKECLTSIPKGSEHSTKVQKF,S3-RNase,SANFDYFQLVLTWPASFCYPKNKCQRRSNNFTIHGLWPEKKRFRLEFCTGDKYKRFLEEDNIINVLERHWIQMRFDETYANTKQPLWEHEYNRHGICCKNLYDQKAYFLLAMRLKDKLDLLTTLRTHGITPGTKHTFGEIQKAIKTVTSNNDPDLKCVENIKGVMELNEIGICYTPAADRFDRCRHSNTCDETSSTKILFRG,1
S20-SLF1,MANGILKKLPKDLVFLILSTFPVKSLLRFKCISKAWSILIQSTTFINCHVNRKTNTKDEFILFKRAIKDEEEEFKNILSFFSGHVDVLNPLFPDIDVSYMTSKCNCTFNPLIGPCDGLIALTDSIITIIFNPATRNFRLLPPSPFGCPKGYHRSVEGVGFGLDTISNYYKVVRISEVYCEEADGYPGPKDSEIDVCDLSTDSWRELDHVQLPMIYWLPCSGMLYKEMVHWFATTDISMVILCFDMSTEMFRNMKMPDTCSRLTHELYYGLVILCESFTLIGYSNPISSIDPAHDKMHIWVMIEYGVSKSWIMKYTIRPLSIESPLAVWKKTILLLQSRSGLLISYDLNSGEAKELNLNGFPDSLSVIVYKECLTSIPKGSEHSTKVQKF,S9-RNase,YGEFELLQLVLTWPASFCYANHCERIAPNNFTIHGLWPDNVTIRLQYCKPKPTYTTFAGKMLNDLDKHWIQLKYKEAYARREQPTWKYQYQKHGSCCQTKYKQIPYFSLALRLKDRFDLLTTLRTHHIVPGSSYTFDDIFDAVKTVTQMNPDLKCTEVTKGTQELDEIGICFTPKADKMFPCRQSDTCEKTRKILFRG,1
S20-SLF1,MANGILKKLPKDLVFLILSTFPVKSLLRFKCISKAWSILIQSTTFINCHVNRKTNTKDEFILFKRAIKDEEEEFKNILSFFSGHVDVLNPLFPDIDVSYMTSKCNCTFNPLIGPCDGLIALTDSIITIIFNPATRNFRLLPPSPFGCPKGYHRSVEGVGFGLDTISNYYKVVRISEVYCEEADGYPGPKDSEIDVCDLSTDSWRELDHVQLPMIYWLPCSGMLYKEMVHWFATTDISMVILCFDMSTEMFRNMKMPDTCSRLTHELYYGLVILCESFTLIGYSNPISSIDPAHDKMHIWVMIEYGVSKSWIMKYTIRPLSIESPLAVWKKTILLLQSRSGLLISYDLNSGEAKELNLNGFPDSLSVIVYKECLTSIPKGSEHSTKVQKF,S5-RNase,YGYFEYMQLVLTWPPAFCHIKRCRRTPNNFTIHGLWPDNYSTMLNFCTDDEFVKFTDDDKKDKLDKRWPDLITDEADCKGTQDFWKREYEKHGTCCLSSYNQEQYFELAMVLKDRFDLVKSFRNHGIIPGTAGHTVQKINNTVKAITQGFPNLACTGDPYKALELKEIGICFDRTGKNVINCPHPRTCKQTRTGEIKFP,1
S10-SLF1,MANGILKKLPEDLVFLMLLTFPVKSLLRFKCISKAWSILIQSTSFINRHVNRKTNTKDEFILFKRAIKDEEEEFINILSFFSGHDDVLNPLFPDIDVSYMTSKCDCTFNPLIGPCDGLIALTDSIITIILNPATRNFRVLPPSPFGCPKGYHRSVEGVGFGLDTISNYYKVVRVSEVYCEEAGGYPGPKDSKIDVCDLSTDSWRELDHVQLPLIYWVPCSGMLYKEMVHWFATTEIMVILCFDMSTEMFRNMKMPDTCSRLTHGLYYGLVILCESFTLIGYSNPVSPIDPLHDKMHIWVMIEYGVSESWIMKYTIRPLSIKCPLAIWKNKILLLQSRSGLLISCDLNSGEAKEFNLHGFPGSLSVIVYKECLTSIPKGSEYSTKVQKY,S11-RNase,YGAFDQIQLVLTWPPTYCHEKHCNRIPRNFTIHGLWPDNQHVMLNNCAKTFQKITNVRKIKELDDRWPDLQKSKSEATRTQSFWQYNKHGTCCTERYDRQAYFDLAQNLKDKYDALQILKNHGIIPGKSYAVDKIEEAIRDATQAYPNLNCIGDPQKTMELKEIGICLNPDATKATACHRRRTCNPINNKEIDFPL,1
S10-SLF1,MANGILKKLPEDLVFLMLLTFPVKSLLRFKCISKAWSILIQSTSFINRHVNRKTNTKDEFILFKRAIKDEEEEFINILSFFSGHDDVLNPLFPDIDVSYMTSKCDCTFNPLIGPCDGLIALTDSIITIILNPATRNFRVLPPSPFGCPKGYHRSVEGVGFGLDTISNYYKVVRVSEVYCEEAGGYPGPKDSKIDVCDLSTDSWRELDHVQLPLIYWVPCSGMLYKEMVHWFATTEIMVILCFDMSTEMFRNMKMPDTCSRLTHGLYYGLVILCESFTLIGYSNPVSPIDPLHDKMHIWVMIEYGVSESWIMKYTIRPLSIKCPLAIWKNKILLLQSRSGLLISCDLNSGEAKEFNLHGFPGSLSVIVYKECLTSIPKGSEYSTKVQKY,S7-RNase,YGVFDQIQLVLTWPPSFCHTKPCKRTPRNFTIHGLWPDDQHVLLNDCDKTYTTISDAREKKELDARWPDLRYTERDAIQLQSFWRYEYNKHGTCCSERYDQEAYFNLAKNLKDKFHLLQILRIQGIIPGKTYPVDKIEEAVKAVTHEYPNLECVGDPYKTLELKEIGICLNPEATKVTPCHRRKTCKPLNKKEISFPQ,1
S10-SLF1,MANGILKKLPEDLVFLMLLTFPVKSLLRFKCISKAWSILIQSTSFINRHVNRKTNTKDEFILFKRAIKDEEEEFINILSFFSGHDDVLNPLFPDIDVSYMTSKCDCTFNPLIGPCDGLIALTDSIITIILNPATRNFRVLPPSPFGCPKGYHRSVEGVGFGLDTISNYYKVVRVSEVYCEEAGGYPGPKDSKIDVCDLSTDSWRELDHVQLPLIYWVPCSGMLYKEMVHWFATTEIMVILCFDMSTEMFRNMKMPDTCSRLTHGLYYGLVILCESFTLIGYSNPVSPIDPLHDKMHIWVMIEYGVSESWIMKYTIRPLSIKCPLAIWKNKILLLQSRSGLLISCDLNSGEAKEFNLHGFPGSLSVIVYKECLTSIPKGSEYSTKVQKY,S17-RNase,YGDFDYMQLVLTWPATFCYPKGFCQRIPPKNFTIHGLWPDKERQRLQFCAKDYKYVNFEGDIKSSLDHHWIQLRFNKEVGLKYQPLWHDQYKKHGTCCSNLYDQTAYFLLAMRLKNKFDLLGTLRTNGITPGRRYTFQRIHGAIKTVTQMDPDLKCVEHIKGVLELNEIGICFTPNAESPYHCPQSHSCEKRGYTGILFR,1
S10-SLF1,MANGILKKLPEDLVFLMLLTFPVKSLLRFKCISKAWSILIQSTSFINRHVNRKTNTKDEFILFKRAIKDEEEEFINILSFFSGHDDVLNPLFPDIDVSYMTSKCDCTFNPLIGPCDGLIALTDSIITIILNPATRNFRVLPPSPFGCPKGYHRSVEGVGFGLDTISNYYKVVRVSEVYCEEAGGYPGPKDSKIDVCDLSTDSWRELDHVQLPLIYWVPCSGMLYKEMVHWFATTEIMVILCFDMSTEMFRNMKMPDTCSRLTHGLYYGLVILCESFTLIGYSNPVSPIDPLHDKMHIWVMIEYGVSESWIMKYTIRPLSIKCPLAIWKNKILLLQSRSGLLISCDLNSGEAKEFNLHGFPGSLSVIVYKECLTSIPKGSEYSTKVQKY,S1-RNase,YGNFEYLQLVLTWPASFCFRPKNICKRPAPKNFTIHGLWPEITGFRLEFCTGSPKYETFKDNNIVDYLERHWVQMKFDENYAKYHQPLWSYEYRKHGMCCSKIYNQKAYFLLATRLKEKFDLLTTLRTHGITPGTKHTFGDIQKAIKTVTNQVDPDLKCVEHIKGVQELNEIGICFNPAADNFYPCHHSYTCDETDSKMILFR,1
S10-SLF1,MANGILKKLPEDLVFLMLLTFPVKSLLRFKCISKAWSILIQSTSFINRHVNRKTNTKDEFILFKRAIKDEEEEFINILSFFSGHDDVLNPLFPDIDVSYMTSKCDCTFNPLIGPCDGLIALTDSIITIILNPATRNFRVLPPSPFGCPKGYHRSVEGVGFGLDTISNYYKVVRVSEVYCEEAGGYPGPKDSKIDVCDLSTDSWRELDHVQLPLIYWVPCSGMLYKEMVHWFATTEIMVILCFDMSTEMFRNMKMPDTCSRLTHGLYYGLVILCESFTLIGYSNPVSPIDPLHDKMHIWVMIEYGVSESWIMKYTIRPLSIKCPLAIWKNKILLLQSRSGLLISCDLNSGEAKEFNLHGFPGSLSVIVYKECLTSIPKGSEYSTKVQKY,S3-RNase,SANFDYFQLVLTWPASFCYPKNKCQRRSNNFTIHGLWPEKKRFRLEFCTGDKYKRFLEEDNIINVLERHWIQMRFDETYANTKQPLWEHEYNRHGICCKNLYDQKAYFLLAMRLKDKLDLLTTLRTHGITPGTKHTFGEIQKAIKTVTSNNDPDLKCVENIKGVMELNEIGICYTPAADRFDRCRHSNTCDETSSTKILFRG,1
S10-SLF1,MANGILKKLPEDLVFLMLLTFPVKSLLRFKCISKAWSILIQSTSFINRHVNRKTNTKDEFILFKRAIKDEEEEFINILSFFSGHDDVLNPLFPDIDVSYMTSKCDCTFNPLIGPCDGLIALTDSIITIILNPATRNFRVLPPSPFGCPKGYHRSVEGVGFGLDTISNYYKVVRVSEVYCEEAGGYPGPKDSKIDVCDLSTDSWRELDHVQLPLIYWVPCSGMLYKEMVHWFATTEIMVILCFDMSTEMFRNMKMPDTCSRLTHGLYYGLVILCESFTLIGYSNPVSPIDPLHDKMHIWVMIEYGVSESWIMKYTIRPLSIKCPLAIWKNKILLLQSRSGLLISCDLNSGEAKEFNLHGFPGSLSVIVYKECLTSIPKGSEYSTKVQKY,S9-RNase,YGEFELLQLVLTWPASFCYANHCERIAPNNFTIHGLWPDNVTIRLQYCKPKPTYTTFAGKMLNDLDKHWIQLKYKEAYARREQPTWKYQYQKHGSCCQTKYKQIPYFSLALRLKDRFDLLTTLRTHHIVPGSSYTFDDIFDAVKTVTQMNPDLKCTEVTKGTQELDEIGICFTPKADKMFPCRQSDTCEKTRKILFRG,1
S10-SLF1,MANGILKKLPEDLVFLMLLTFPVKSLLRFKCISKAWSILIQSTSFINRHVNRKTNTKDEFILFKRAIKDEEEEFINILSFFSGHDDVLNPLFPDIDVSYMTSKCDCTFNPLIGPCDGLIALTDSIITIILNPATRNFRVLPPSPFGCPKGYHRSVEGVGFGLDTISNYYKVVRVSEVYCEEAGGYPGPKDSKIDVCDLSTDSWRELDHVQLPLIYWVPCSGMLYKEMVHWFATTEIMVILCFDMSTEMFRNMKMPDTCSRLTHGLYYGLVILCESFTLIGYSNPVSPIDPLHDKMHIWVMIEYGVSESWIMKYTIRPLSIKCPLAIWKNKILLLQSRSGLLISCDLNSGEAKEFNLHGFPGSLSVIVYKECLTSIPKGSEYSTKVQKY,S5-RNase,YGYFEYMQLVLTWPPAFCHIKRCRRTPNNFTIHGLWPDNYSTMLNFCTDDEFVKFTDDDKKDKLDKRWPDLITDEADCKGTQDFWKREYEKHGTCCLSSYNQEQYFELAMVLKDRFDLVKSFRNHGIIPGTAGHTVQKINNTVKAITQGFPNLACTGDPYKALELKEIGICFDRTGKNVINCPHPRTCKQTRTGEIKFP,1
